fixture_id,date,league_id,season,home_team_id,home_team_name,away_team_id,away_team_name,goals_home,goals_away,status_short,home_formation,away_formation,formation_matchup,home_injuries_count,away_injuries_count,injuries_diff,home_shots_on_goal,away_shots_on_goal,home_total_shots,away_total_shots,home_ball_possession,away_ball_possession,home_corner_kicks,away_corner_kicks,home_fouls,away_fouls,home_yellow_cards,away_yellow_cards,home_red_cards,away_red_cards,home_expected_goals,away_expected_goals
1213754,2024-08-16T18:45:00+00:00,61,2024,111,Le Havre,85,Paris Saint Germain,1,4,FT,4-3-3,4-3-3,4-3-3 vs 4-3-3,1,3,-2,2,10,5,15,24,76,2,8,11,9,3.0,0.0,,,0.21,2.87
1213747,2024-08-17T15:00:00+00:00,61,2024,106,Stade Brestois 29,81,Marseille,1,5,FT,4-3-3,4-2-3-1,4-3-3 vs 4-2-3-1,2,6,-4,7,5,10,7,50,50,5,0,12,8,4.0,1.0,,,1.32,2.38
1213752,2024-08-17T17:00:00+00:00,61,2024,93,Reims,79,Lille,0,2,FT,4-3-3,5-4-1,4-3-3 vs 5-4-1,3,5,-2,0,6,2,22,31,69,0,8,6,15,2.0,2.0,1.0,0.0,0.07,2.1
1213751,2024-08-17T19:00:00+00:00,61,2024,91,Monaco,1063,Saint Etienne,1,0,FT,4-4-2,4-1-4-1,4-4-2 vs 4-1-4-1,2,1,1,6,4,17,11,62,38,5,4,13,14,1.0,1.0,,,1.96,0.45
1213753,2024-08-18T13:00:00+00:00,61,2024,108,Auxerre,84,Nice,2,1,FT,4-4-2,3-4-3,4-4-2 vs 3-4-3,1,4,-3,7,2,16,9,45,55,3,5,11,17,,,,,1.96,0.71
1213750,2024-08-18T15:00:00+00:00,61,2024,77,Angers,116,Lens,0,1,FT,5-3-2,3-4-1-2,5-3-2 vs 3-4-1-2,4,5,-1,3,4,8,10,41,59,7,3,12,14,1.0,0.0,,,0.39,1.23
1213748,2024-08-18T15:00:00+00:00,61,2024,82,Montpellier,95,Strasbourg,1,1,FT,4-2-3-1,3-4-2-1,4-2-3-1 vs 3-4-2-1,3,1,2,5,4,8,11,42,58,6,4,19,18,4.0,3.0,,,1.41,0.91
1213749,2024-08-18T15:00:00+00:00,61,2024,96,Toulouse,83,Nantes,0,0,FT,3-4-3,4-2-3-1,3-4-3 vs 4-2-3-1,0,0,0,6,2,12,10,54,46,10,5,14,11,1.0,3.0,,,1.71,0.47
1213755,2024-08-18T18:45:00+00:00,61,2024,94,Rennes,80,Lyon,3,0,FT,4-3-1-2,4-3-3,4-3-1-2 vs 4-3-3,1,2,-1,8,2,22,16,48,52,7,7,13,12,2.0,1.0,,,2.05,2.06
1213756,2024-08-23T18:45:00+00:00,61,2024,85,Paris Saint Germain,82,Montpellier,6,0,FT,4-3-3,5-3-2,4-3-3 vs 5-3-2,8,2,6,11,3,27,8,69,31,10,2,11,17,1.0,4.0,,,3.82,0.63
1213763,2024-08-24T15:00:00+00:00,61,2024,80,Lyon,91,Monaco,0,2,FT,4-2-3-1,4-2-3-1,4-2-3-1 vs 4-2-3-1,0,2,-2,0,6,1,21,39,61,0,6,19,9,2.0,3.0,0.0,1.0,0.03,2.26
1213760,2024-08-24T17:00:00+00:00,61,2024,79,Lille,77,Angers,2,0,FT,3-4-2-1,5-3-2,3-4-2-1 vs 5-3-2,6,2,4,6,2,11,6,65,35,3,2,9,18,1.0,2.0,,,0.88,0.58
1213759,2024-08-24T19:00:00+00:00,61,2024,1063,Saint Etienne,111,Le Havre,0,2,FT,4-1-4-1,5-4-1,4-1-4-1 vs 5-4-1,0,1,-1,5,5,19,14,59,41,2,4,12,10,3.0,3.0,,,1.11,2.38
1213762,2024-08-25T13:00:00+00:00,61,2024,116,Lens,106,Stade Brestois 29,2,0,FT,3-4-1-2,4-3-3,3-4-1-2 vs 4-3-3,4,1,3,9,2,20,11,52,48,5,2,10,7,2.0,3.0,1.0,0.0,2.97,0.86
1213758,2024-08-25T15:00:00+00:00,61,2024,83,Nantes,108,Auxerre,2,0,FT,4-2-3-1,4-2-3-1,4-2-3-1 vs 4-2-3-1,4,5,-1,5,3,9,12,35,65,3,12,9,6,2.0,1.0,0.0,1.0,1.44,1.11
1213761,2024-08-25T15:00:00+00:00,61,2024,84,Nice,96,Toulouse,1,1,FT,3-5-2,3-4-2-1,3-5-2 vs 3-4-2-1,4,0,4,3,3,11,15,58,42,4,4,12,21,4.0,2.0,,,1.28,0.98
1213757,2024-08-25T15:00:00+00:00,61,2024,95,Strasbourg,94,Rennes,3,1,FT,3-4-1-2,4-3-1-2,3-4-1-2 vs 4-3-1-2,3,1,2,5,5,11,14,60,40,2,5,9,19,2.0,4.0,,,0.72,1.09
1213764,2024-08-25T18:45:00+00:00,61,2024,81,Marseille,93,Reims,2,2,FT,4-2-3-1,4-3-3,4-2-3-1 vs 4-3-3,3,2,1,11,3,21,13,66,34,2,4,10,13,1.0,1.0,,,3.17,0.88
1213766,2024-08-30T18:45:00+00:00,61,2024,80,Lyon,95,Strasbourg,4,3,FT,3-5-2,3-2-4-1,3-5-2 vs 3-2-4-1,2,3,-1,12,8,20,15,48,52,9,2,11,6,3.0,2.0,,,2.92,2.72
1213767,2024-08-31T15:00:00+00:00,61,2024,106,Stade Brestois 29,1063,Saint Etienne,4,0,FT,4-3-3,4-2-3-1,4-3-3 vs 4-2-3-1,2,2,0,9,0,22,6,47,53,7,2,12,28,0.0,5.0,,,3.12,0.17
1213768,2024-08-31T17:00:00+00:00,61,2024,82,Montpellier,83,Nantes,1,3,FT,4-2-3-1,4-2-3-1,4-2-3-1 vs 4-2-3-1,6,5,1,4,4,10,9,69,31,8,3,11,14,2.0,2.0,,,0.92,1.48
1213773,2024-08-31T19:00:00+00:00,61,2024,96,Toulouse,81,Marseille,1,3,FT,3-4-2-1,4-2-3-1,3-4-2-1 vs 4-2-3-1,0,3,-3,1,4,3,12,24,76,2,3,10,15,4.0,2.0,1.0,0.0,0.99,0.84
1213770,2024-09-01T13:00:00+00:00,61,2024,91,Monaco,116,Lens,1,1,FT,4-2-3-1,3-4-1-2,4-2-3-1 vs 3-4-1-2,3,3,0,3,4,14,12,61,39,7,7,11,21,1.0,4.0,,,1.03,2.24
1213769,2024-09-01T15:00:00+00:00,61,2024,77,Angers,84,Nice,1,4,FT,5-3-2,3-4-3,5-3-2 vs 3-4-3,3,5,-2,7,9,14,14,54,46,4,7,14,13,6.0,4.0,0.0,1.0,1.42,2.24
1213772,2024-09-01T15:00:00+00:00,61,2024,93,Reims,94,Rennes,2,1,FT,4-3-3,4-4-2,4-3-3 vs 4-4-2,3,1,2,7,5,11,13,53,47,3,5,9,13,2.0,1.0,,,1.39,0.79
1213771,2024-09-01T15:00:00+00:00,61,2024,111,Le Havre,108,Auxerre,3,1,FT,5-4-1,4-2-3-1,5-4-1 vs 4-2-3-1,1,4,-3,8,3,22,7,49,51,2,2,10,16,1.0,5.0,0.0,1.0,2.76,0.58
1213765,2024-09-01T18:45:00+00:00,61,2024,79,Lille,85,Paris Saint Germain,1,3,FT,3-4-2-1,4-3-3,3-4-2-1 vs 4-3-3,5,5,0,4,7,8,11,42,58,3,1,9,9,3.0,2.0,,,1.4,2.6
1213780,2024-09-13T18:45:00+00:00,61,2024,1063,Saint Etienne,79,Lille,1,0,FT,4-1-4-1,5-4-1,4-1-4-1 vs 5-4-1,3,6,-3,5,4,10,17,29,71,2,7,12,10,1.0,1.0,,,1.25,1.24
1213781,2024-09-14T15:00:00+00:00,61,2024,81,Marseille,84,Nice,2,0,FT,4-2-3-1,3-4-3,4-2-3-1 vs 3-4-3,2,5,-3,5,4,10,12,56,44,1,2,18,4,5.0,2.0,1.0,0.0,0.67,2.05
1213774,2024-09-14T17:00:00+00:00,61,2024,108,Auxerre,91,Monaco,0,3,FT,3-4-2-1,4-2-3-1,3-4-2-1 vs 4-2-3-1,4,3,1,3,9,13,19,41,59,1,6,13,16,3.0,0.0,,,0.56,3.49
1213782,2024-09-14T19:00:00+00:00,61,2024,85,Paris Saint Germain,106,Stade Brestois 29,3,1,FT,4-3-3,4-3-3,4-3-3 vs 4-3-3,5,2,3,9,3,22,5,67,33,9,1,7,13,2.0,3.0,,,2.88,0.97
1213775,2024-09-15T13:00:00+00:00,61,2024,94,Rennes,82,Montpellier,3,0,FT,3-4-3,4-2-3-1,3-4-3 vs 4-2-3-1,2,6,-4,6,4,11,12,51,49,3,4,10,7,1.0,3.0,,,1.29,0.33
1213777,2024-09-15T15:00:00+00:00,61,2024,83,Nantes,93,Reims,1,2,FT,4-2-3-1,4-3-3,4-2-3-1 vs 4-3-3,3,4,-1,6,4,18,11,45,55,6,3,14,5,3.0,1.0,,,1.53,0.51
1213779,2024-09-15T15:00:00+00:00,61,2024,95,Strasbourg,77,Angers,1,1,FT,4-4-2,4-2-3-1,4-4-2 vs 4-2-3-1,5,2,3,5,2,10,12,51,49,6,9,11,14,4.0,1.0,,,2.26,0.92
1213778,2024-09-15T15:00:00+00:00,61,2024,96,Toulouse,111,Le Havre,2,0,FT,3-4-2-1,5-4-1,3-4-2-1 vs 5-4-1,2,1,1,7,3,15,5,54,46,6,5,10,11,1.0,1.0,,,1.32,0.21
1213776,2024-09-15T18:45:00+00:00,61,2024,116,Lens,80,Lyon,0,0,FT,3-4-1-2,3-5-2,3-4-1-2 vs 3-5-2,1,0,1,5,3,12,8,54,46,5,8,12,11,,,,,1.05,0.56
1213784,2024-09-20T18:45:00+00:00,61,2024,84,Nice,1063,Saint Etienne,8,0,FT,3-4-3,4-3-3,3-4-3 vs 4-3-3,3,4,-1,12,2,18,8,59,41,3,2,7,13,0.0,1.0,,,4.73,0.32
1213789,2024-09-21T15:00:00+00:00,61,2024,79,Lille,95,Strasbourg,3,3,FT,4-2-3-1,4-1-4-1,4-2-3-1 vs 4-1-4-1,6,5,1,7,9,15,12,64,36,9,5,16,12,2.0,2.0,,,2.75,3.23
1213790,2024-09-21T17:00:00+00:00,61,2024,94,Rennes,116,Lens,1,1,FT,3-4-2-1,3-4-1-2,3-4-2-1 vs 3-4-1-2,3,3,0,6,2,11,10,40,60,4,3,16,20,2.0,4.0,,,1.37,0.56
1213785,2024-09-21T19:00:00+00:00,61,2024,93,Reims,85,Paris Saint Germain,1,1,FT,4-3-3,4-3-3,4-3-3 vs 4-3-3,3,6,-3,1,4,8,11,22,78,3,5,11,6,2.0,1.0,,,0.31,1.59
1213791,2024-09-22T13:00:00+00:00,61,2024,91,Monaco,111,Le Havre,3,1,FT,4-4-2,3-5-1-1,4-4-2 vs 3-5-1-1,3,1,2,4,2,12,8,62,38,6,4,10,17,1.0,3.0,,,1.98,0.57
1213787,2024-09-22T15:00:00+00:00,61,2024,77,Angers,83,Nantes,1,1,FT,4-2-3-1,4-2-3-1,4-2-3-1 vs 4-2-3-1,4,4,0,1,3,4,9,50,50,3,6,13,16,1.0,4.0,,,0.85,0.62
1213788,2024-09-22T15:00:00+00:00,61,2024,82,Montpellier,108,Auxerre,3,2,FT,4-2-3-1,5-4-1,4-2-3-1 vs 5-4-1,7,3,4,5,6,14,11,54,46,11,5,13,20,3.0,4.0,,,2.04,1.27
1213786,2024-09-22T15:00:00+00:00,61,2024,106,Stade Brestois 29,96,Toulouse,2,0,FT,4-3-1-2,3-4-2-1,4-3-1-2 vs 3-4-2-1,2,1,1,5,1,8,11,43,57,4,3,15,18,1.0,1.0,,,0.43,2.77
1213783,2024-09-22T18:45:00+00:00,61,2024,80,Lyon,81,Marseille,2,3,FT,3-5-2,4-2-3-1,3-5-2 vs 4-2-3-1,0,5,-5,9,5,22,9,63,37,10,3,17,8,4.0,3.0,0.0,1.0,3.01,0.79
1213794,2024-09-27T17:00:00+00:00,61,2024,108,Auxerre,106,Stade Brestois 29,3,0,FT,5-3-2,4-3-3,5-3-2 vs 4-3-3,0,0,0,4,4,15,8,38,62,2,3,13,16,2.0,0.0,,,2.57,0.8
1213793,2024-09-27T19:00:00+00:00,61,2024,85,Paris Saint Germain,94,Rennes,3,1,FT,4-3-3,3-4-2-1,4-3-3 vs 3-4-2-1,0,0,0,8,5,23,12,62,38,6,4,12,13,1.0,3.0,,,3.05,1.5
1213795,2024-09-28T15:00:00+00:00,61,2024,116,Lens,84,Nice,0,0,FT,4-2-3-1,3-4-2-1,4-2-3-1 vs 3-4-2-1,0,0,0,7,4,22,15,55,45,11,4,16,7,3.0,2.0,1.0,0.0,1.99,1.15
1213797,2024-09-28T17:00:00+00:00,61,2024,111,Le Havre,79,Lille,0,3,FT,5-4-1,4-2-3-1,5-4-1 vs 4-2-3-1,0,0,0,4,10,7,18,38,62,1,5,11,9,2.0,1.0,,,0.41,3.58
1213799,2024-09-28T19:00:00+00:00,61,2024,91,Monaco,82,Montpellier,2,1,FT,4-2-2-2,4-2-3-1,4-2-2-2 vs 4-2-3-1,0,0,0,7,4,21,9,65,35,6,2,17,17,4.0,3.0,0.0,1.0,3.25,0.88
1213798,2024-09-29T13:00:00+00:00,61,2024,96,Toulouse,80,Lyon,1,2,FT,3-4-2-1,4-3-3,3-4-2-1 vs 4-3-3,0,0,0,4,1,10,4,45,55,3,4,12,15,2.0,2.0,,,0.94,0.42
1213800,2024-09-29T15:00:00+00:00,61,2024,77,Angers,93,Reims,1,3,FT,4-2-3-1,4-2-3-1,4-2-3-1 vs 4-2-3-1,0,0,0,3,10,14,21,53,47,5,4,7,11,0.0,3.0,,,1.12,2.91
1213796,2024-09-29T15:00:00+00:00,61,2024,83,Nantes,1063,Saint Etienne,2,2,FT,4-2-3-1,4-3-3,4-2-3-1 vs 4-3-3,0,0,0,3,3,16,5,61,39,8,4,11,12,2.0,2.0,1.0,0.0,1.8,1.02
1213792,2024-09-29T18:45:00+00:00,61,2024,95,Strasbourg,81,Marseille,1,0,FT,4-2-3-1,4-2-3-1,4-2-3-1 vs 4-2-3-1,0,0,0,6,3,14,10,41,59,8,3,17,7,2.0,1.0,,,1.31,0.5
1213806,2024-10-04T18:45:00+00:00,61,2024,81,Marseille,77,Angers,1,1,FT,4-2-3-1,4-2-3-1,4-2-3-1 vs 4-2-3-1,5,4,1,4,3,16,10,76,24,9,3,15,9,4.0,0.0,1.0,1.0,0.89,0.83
1213804,2024-10-05T15:00:00+00:00,61,2024,1063,Saint Etienne,108,Auxerre,3,1,FT,4-3-3,3-4-2-1,4-3-3 vs 3-4-2-1,5,3,2,5,3,13,11,42,58,5,4,13,10,3.0,1.0,,,2.73,0.79
1213803,2024-10-05T17:00:00+00:00,61,2024,79,Lille,96,Toulouse,2,1,FT,4-2-3-1,3-4-2-1,4-2-3-1 vs 3-4-2-1,6,2,4,3,3,10,9,58,42,4,6,13,8,3.0,2.0,,,1.61,1.11
1213807,2024-10-05T19:00:00+00:00,61,2024,94,Rennes,91,Monaco,1,2,FT,3-4-3,3-4-2-1,3-4-3 vs 3-4-2-1,2,2,0,3,2,14,5,58,42,10,4,9,16,2.0,4.0,,,0.75,0.58
1213801,2024-10-06T13:00:00+00:00,61,2024,80,Lyon,83,Nantes,2,0,FT,4-2-3-1,4-2-3-1,4-2-3-1 vs 4-2-3-1,5,8,-3,6,6,17,11,62,38,6,9,10,5,1.0,2.0,,,3.28,0.88
1213809,2024-10-06T15:00:00+00:00,61,2024,93,Reims,82,Montpellier,4,2,FT,4-2-3-1,4-2-3-1,4-2-3-1 vs 4-2-3-1,2,8,-6,5,3,18,10,48,52,4,4,15,13,3.0,5.0,,,3.03,0.5
1213808,2024-10-06T15:00:00+00:00,61,2024,95,Strasbourg,116,Lens,2,2,FT,4-2-3-1,3-4-1-2,4-2-3-1 vs 3-4-1-2,7,8,-1,5,5,8,12,37,63,3,5,15,18,2.0,4.0,,,1.24,0.99
1213805,2024-10-06T15:00:00+00:00,61,2024,106,Stade Brestois 29,111,Le Havre,2,0,FT,4-2-3-1,3-1-4-2,4-2-3-1 vs 3-1-4-2,2,4,-2,3,1,8,14,54,46,1,9,19,11,4.0,0.0,1.0,1.0,0.75,1.06
1213802,2024-10-06T18:45:00+00:00,61,2024,84,Nice,85,Paris Saint Germain,1,1,FT,3-4-2-1,4-3-3,3-4-2-1 vs 4-3-3,4,3,1,3,9,8,19,29,71,5,15,7,9,1.0,2.0,,,0.35,1.3
1213815,2024-10-18T18:45:00+00:00,61,2024,91,Monaco,79,Lille,0,0,FT,4-2-3-1,4-2-3-1,4-2-3-1 vs 4-2-3-1,4,7,-3,4,1,14,3,51,49,6,1,13,14,1.0,5.0,1.0,0.0,1.23,0.25
1213817,2024-10-19T15:00:00+00:00,61,2024,106,Stade Brestois 29,94,Rennes,1,1,FT,4-3-3,3-4-2-1,4-3-3 vs 3-4-2-1,4,4,0,2,4,12,6,56,44,2,4,18,15,2.0,2.0,,,1.47,1.16
1213816,2024-10-19T17:00:00+00:00,61,2024,1063,Saint Etienne,116,Lens,0,2,FT,4-3-3,3-4-2-1,4-3-3 vs 3-4-2-1,5,8,-3,1,5,15,13,37,63,2,7,12,16,1.0,2.0,,,0.78,1.22
1213818,2024-10-19T19:00:00+00:00,61,2024,85,Paris Saint Germain,95,Strasbourg,4,2,FT,4-3-3,4-2-3-1,4-3-3 vs 4-2-3-1,3,7,-4,10,8,18,16,56,44,5,5,10,12,2.0,2.0,,,3.49,1.96
1213812,2024-10-20T13:00:00+00:00,61,2024,111,Le Havre,80,Lyon,0,4,FT,3-1-4-2,4-3-3,3-1-4-2 vs 4-3-3,7,3,4,1,8,7,16,38,62,4,6,17,11,3.0,4.0,,,0.49,2.72
1213813,2024-10-20T15:00:00+00:00,61,2024,83,Nantes,84,Nice,1,1,FT,4-3-3,3-4-2-1,4-3-3 vs 3-4-2-1,6,7,-1,7,7,11,13,42,58,4,8,10,11,2.0,1.0,,,0.49,0.85
1213811,2024-10-20T15:00:00+00:00,61,2024,96,Toulouse,77,Angers,1,1,FT,4-2-3-1,4-2-3-1,4-2-3-1 vs 4-2-3-1,4,8,-4,6,4,18,8,66,34,8,2,11,9,2.0,4.0,,,1.97,1.38
1213810,2024-10-20T15:00:00+00:00,61,2024,108,Auxerre,93,Reims,2,1,FT,3-4-2-1,4-2-3-1,3-4-2-1 vs 4-2-3-1,4,4,0,8,3,10,15,36,64,5,9,6,10,2.0,3.0,,,2.91,1.08
1213814,2024-10-20T18:45:00+00:00,61,2024,82,Montpellier,81,Marseille,0,5,FT,4-2-3-1,4-2-3-1,4-2-3-1 vs 4-2-3-1,8,6,2,5,10,13,21,35,65,3,2,11,18,1.0,3.0,1.0,0.0,1.19,3.36
1213825,2024-10-25T18:45:00+00:00,61,2024,94,Rennes,111,Le Havre,1,0,FT,4-2-3-1,3-1-4-2,4-2-3-1 vs 3-1-4-2,2,6,-4,4,1,20,5,61,39,14,0,10,7,2.0,4.0,0.0,1.0,1.59,0.43
1213826,2024-10-26T15:00:00+00:00,61,2024,77,Angers,1063,Saint Etienne,4,2,FT,4-2-3-1,4-1-4-1,4-2-3-1 vs 4-1-4-1,7,6,1,8,7,13,19,42,58,2,3,10,13,1.0,3.0,,,2.96,1.47
1213827,2024-10-26T17:00:00+00:00,61,2024,93,Reims,106,Stade Brestois 29,1,2,FT,4-3-3,4-2-3-1,4-3-3 vs 4-2-3-1,4,1,3,3,4,11,13,53,47,7,3,15,11,3.0,2.0,,,0.79,1.5
1213820,2024-10-26T19:00:00+00:00,61,2024,116,Lens,79,Lille,0,2,FT,3-4-1-2,4-2-3-1,3-4-1-2 vs 4-2-3-1,5,8,-3,4,3,11,11,58,42,8,2,16,14,4.0,5.0,,,1.09,1.72
1213822,2024-10-27T13:00:00+00:00,61,2024,80,Lyon,108,Auxerre,2,2,FT,4-3-3,3-4-2-1,4-3-3 vs 3-4-2-1,1,5,-4,8,6,12,19,63,37,5,5,7,15,0.0,4.0,,,2.05,1.54
1213823,2024-10-27T15:00:00+00:00,61,2024,82,Montpellier,96,Toulouse,0,3,FT,4-1-4-1,3-4-3,4-1-4-1 vs 3-4-3,8,1,7,2,6,9,15,52,48,1,3,8,20,1.0,2.0,1.0,0.0,0.21,1.88
1213819,2024-10-27T15:00:00+00:00,61,2024,84,Nice,91,Monaco,2,1,FT,3-4-2-1,4-2-3-1,3-4-2-1 vs 4-2-3-1,4,5,-1,9,5,17,11,40,60,6,6,16,11,2.0,5.0,0.0,1.0,1.63,0.4
1213824,2024-10-27T15:00:00+00:00,61,2024,95,Strasbourg,83,Nantes,3,1,FT,3-4-1-2,4-2-3-1,3-4-1-2 vs 4-2-3-1,6,2,4,5,6,9,8,51,49,5,4,15,17,2.0,3.0,,,1.73,0.76
1213821,2024-10-27T19:45:00+00:00,61,2024,81,Marseille,85,Paris Saint Germain,0,3,FT,4-2-3-1,4-3-3,4-2-3-1 vs 4-3-3,7,3,4,1,8,5,19,25,75,1,2,4,7,1.0,0.0,1.0,0.0,0.22,3.1
1213830,2024-11-01T18:00:00+00:00,61,2024,91,Monaco,77,Angers,0,1,FT,4-4-2,4-2-3-1,4-4-2 vs 4-2-3-1,7,6,1,3,3,11,10,64,36,4,4,16,12,1.0,1.0,,,1.39,0.46
1213833,2024-11-01T20:00:00+00:00,61,2024,79,Lille,80,Lyon,1,1,FT,4-2-3-1,4-3-3,4-2-3-1 vs 4-3-3,9,3,6,2,3,14,14,47,53,4,9,12,10,3.0,1.0,,,1.67,1.24
1213836,2024-11-02T16:00:00+00:00,61,2024,85,Paris Saint Germain,116,Lens,1,0,FT,4-3-3,3-4-3,4-3-3 vs 3-4-3,4,6,-2,8,2,18,13,69,31,7,4,3,20,1.0,4.0,0.0,1.0,2.88,0.83
1213835,2024-11-02T18:00:00+00:00,61,2024,106,Stade Brestois 29,84,Nice,0,1,FT,4-3-3,3-4-2-1,4-3-3 vs 3-4-2-1,3,3,0,6,3,16,12,64,36,6,2,9,4,0.0,2.0,,,1.02,1.52
1213834,2024-11-02T20:00:00+00:00,61,2024,1063,Saint Etienne,95,Strasbourg,2,0,FT,4-1-4-1,3-4-1-2,4-1-4-1 vs 3-4-1-2,5,5,0,3,3,13,9,35,65,2,3,9,4,2.0,1.0,,,2.65,0.53
1213829,2024-11-03T14:00:00+00:00,61,2024,96,Toulouse,93,Reims,1,0,FT,3-4-3,4-3-3,3-4-3 vs 4-3-3,1,5,-4,6,2,13,13,51,49,6,7,16,15,0.0,3.0,,,0.88,1.09
1213828,2024-11-03T16:00:00+00:00,61,2024,108,Auxerre,94,Rennes,4,0,FT,3-4-2-1,4-1-4-1,3-4-2-1 vs 4-1-4-1,5,2,3,8,4,16,7,39,61,3,8,11,15,0.0,2.0,,,2.79,0.8
1213831,2024-11-03T16:00:00+00:00,61,2024,111,Le Havre,82,Montpellier,1,0,FT,3-1-4-2,3-4-3,3-1-4-2 vs 3-4-3,8,8,0,4,1,12,15,48,52,2,10,11,13,2.0,1.0,,,2.18,1.01
1213832,2024-11-03T19:45:00+00:00,61,2024,83,Nantes,81,Marseille,1,2,FT,4-2-3-1,4-2-3-1,4-2-3-1 vs 4-2-3-1,3,7,-4,3,4,7,9,26,74,2,5,16,6,1.0,1.0,,,1.36,1.22
1213837,2024-11-08T19:45:00+00:00,61,2024,81,Marseille,108,Auxerre,1,3,FT,4-2-3-1,3-4-2-1,4-2-3-1 vs 3-4-2-1,5,7,-2,5,6,19,10,74,26,5,3,13,16,3.0,2.0,,,2.59,1.92
1213841,2024-11-09T16:00:00+00:00,61,2024,95,Strasbourg,91,Monaco,1,3,FT,3-4-3,4-2-3-1,3-4-3 vs 4-2-3-1,5,4,1,2,8,5,19,42,58,1,2,16,18,5.0,2.0,,,0.79,3.89
1213842,2024-11-09T18:00:00+00:00,61,2024,116,Lens,83,Nantes,3,2,FT,3-4-2-1,3-4-3,3-4-2-1 vs 3-4-3,6,4,2,3,3,15,9,68,32,6,1,14,8,2.0,0.0,,,2.99,1.42
1213845,2024-11-09T20:00:00+00:00,61,2024,77,Angers,85,Paris Saint Germain,2,4,FT,4-2-3-1,4-3-3,4-2-3-1 vs 4-3-3,5,4,1,3,12,10,26,30,70,6,8,5,16,0.0,3.0,,,1.03,3.5
1213844,2024-11-10T14:00:00+00:00,61,2024,84,Nice,79,Lille,2,2,FT,3-4-3,4-3-3,3-4-3 vs 4-3-3,3,9,-6,5,6,17,13,43,57,6,2,12,9,2.0,2.0,,,2.11,1.68
1213839,2024-11-10T16:00:00+00:00,61,2024,82,Montpellier,106,Stade Brestois 29,3,1,FT,4-2-3-1,4-3-3,4-2-3-1 vs 4-3-3,8,1,7,8,6,14,19,33,67,3,7,18,13,5.0,1.0,,,2.47,0.93
1213843,2024-11-10T16:00:00+00:00,61,2024,94,Rennes,96,Toulouse,0,2,FT,4-2-3-1,3-4-2-1,4-2-3-1 vs 3-4-2-1,1,1,0,1,2,7,9,67,33,5,3,16,16,3.0,1.0,,,0.5,1.46
1213840,2024-11-10T16:00:00+00:00,61,2024,111,Le Havre,93,Reims,0,3,FT,3-4-2-1,4-3-3,3-4-2-1 vs 4-3-3,6,2,4,3,7,10,18,55,45,8,7,10,17,1.0,4.0,,,1.63,2.65
1213838,2024-11-10T19:45:00+00:00,61,2024,80,Lyon,1063,Saint Etienne,1,0,FT,4-3-3,4-1-4-1,4-3-3 vs 4-1-4-1,1,4,-3,7,6,17,10,62,38,7,6,11,13,3.0,2.0,,,1.17,0.68
1213852,2024-11-22T18:00:00+00:00,61,2024,91,Monaco,106,Stade Brestois 29,3,2,FT,4-2-3-1,4-3-3,4-2-3-1 vs 4-3-3,5,4,1,4,4,10,12,52,48,2,8,7,12,2.0,2.0,,,2.7,1.04
1213846,2024-11-22T20:00:00+00:00,61,2024,85,Paris Saint Germain,96,Toulouse,3,0,FT,4-2-3-1,3-4-2-1,4-2-3-1 vs 3-4-2-1,5,1,4,8,2,17,11,73,27,7,5,11,14,1.0,2.0,,,1.16,1.39
1213847,2024-11-23T16:00:00+00:00,61,2024,116,Lens,81,Marseille,1,3,FT,3-4-2-1,3-5-2,3-4-2-1 vs 3-5-2,7,7,0,7,4,16,10,45,55,6,0,17,9,3.0,3.0,,,2.72,1.21
1213849,2024-11-23T18:00:00+00:00,61,2024,1063,Saint Etienne,82,Montpellier,1,0,FT,5-4-1,4-2-3-1,5-4-1 vs 4-2-3-1,4,8,-4,4,3,11,11,33,67,5,11,19,11,3.0,5.0,,,1.49,0.95
1213854,2024-11-23T20:00:00+00:00,61,2024,93,Reims,80,Lyon,1,1,FT,4-2-3-1,4-2-3-1,4-2-3-1 vs 4-2-3-1,6,3,3,6,7,14,13,40,60,4,2,11,13,2.0,0.0,,,1.01,1.7
1213850,2024-11-24T14:00:00+00:00,61,2024,79,Lille,94,Rennes,1,0,FT,4-2-3-1,3-4-2-1,4-2-3-1 vs 3-4-2-1,6,2,4,2,1,5,4,53,47,3,3,19,16,3.0,2.0,,,0.41,0.18
1213851,2024-11-24T16:00:00+00:00,61,2024,83,Nantes,111,Le Havre,0,2,FT,4-2-3-1,3-4-2-1,4-2-3-1 vs 3-4-2-1,3,7,-4,4,5,18,7,71,29,10,2,15,12,2.0,1.0,,,0.87,0.81
1213853,2024-11-24T16:00:00+00:00,61,2024,108,Auxerre,77,Angers,1,0,FT,3-4-2-1,4-2-3-1,3-4-2-1 vs 4-2-3-1,3,4,-1,6,5,10,10,48,52,2,2,13,7,4.0,1.0,,,0.59,0.88
1213848,2024-11-24T19:45:00+00:00,61,2024,84,Nice,95,Strasbourg,2,1,FT,4-4-2,4-4-2,4-4-2 vs 4-4-2,5,5,0,5,3,15,10,54,46,4,7,16,8,2.0,0.0,,,2.12,0.32
1213855,2024-11-29T19:45:00+00:00,61,2024,93,Reims,116,Lens,0,2,FT,4-3-3,4-2-3-1,4-3-3 vs 4-2-3-1,5,5,0,3,6,16,11,52,48,3,1,14,12,1.0,2.0,,,0.85,1.82
1213856,2024-11-30T16:00:00+00:00,61,2024,94,Rennes,1063,Saint Etienne,5,0,FT,3-4-2-1,5-4-1,3-4-2-1 vs 5-4-1,2,5,-3,9,0,18,2,72,28,6,1,14,12,0.0,1.0,0.0,1.0,3.36,0.11
1213859,2024-11-30T18:00:00+00:00,61,2024,106,Stade Brestois 29,95,Strasbourg,3,1,FT,4-2-3-1,4-2-3-1,4-2-3-1 vs 4-2-3-1,4,6,-2,8,4,11,12,38,62,4,3,15,8,3.0,2.0,,,2.46,1.02
1213861,2024-11-30T20:00:00+00:00,61,2024,85,Paris Saint Germain,83,Nantes,1,1,FT,4-3-3,5-3-2,4-3-3 vs 5-3-2,2,1,1,10,2,24,5,84,16,9,3,3,6,,,,,2.73,0.65
1213860,2024-12-01T14:00:00+00:00,61,2024,82,Montpellier,79,Lille,2,2,FT,4-2-3-1,4-2-3-1,4-2-3-1 vs 4-2-3-1,7,5,2,5,4,11,13,42,58,7,2,9,21,4.0,5.0,1.0,1.0,1.47,2.22
1213863,2024-12-01T16:00:00+00:00,61,2024,80,Lyon,84,Nice,4,1,FT,4-3-3,4-3-3,4-3-3 vs 4-3-3,1,9,-8,8,7,16,16,53,47,5,4,11,11,1.0,2.0,,,2.86,2.16
1213858,2024-12-01T16:00:00+00:00,61,2024,96,Toulouse,108,Auxerre,2,0,FT,3-4-2-1,5-4-1,3-4-2-1 vs 5-4-1,1,3,-2,7,0,12,4,51,49,6,2,14,12,,,,,2.33,0.12
1213857,2024-12-01T16:00:00+00:00,61,2024,111,Le Havre,77,Angers,0,1,FT,3-4-2-1,4-2-3-1,3-4-2-1 vs 4-2-3-1,5,4,1,1,3,5,13,56,44,2,4,8,10,2.0,0.0,,,0.17,2.15
1213862,2024-12-01T19:45:00+00:00,61,2024,81,Marseille,91,Monaco,2,1,FT,3-4-2-1,4-2-3-1,3-4-2-1 vs 4-2-3-1,6,4,2,4,4,9,7,63,37,5,3,15,16,0.0,1.0,,,1.94,1.02
1213868,2024-12-06T18:00:00+00:00,61,2024,79,Lille,106,Stade Brestois 29,3,1,FT,4-2-3-1,4-2-3-1,4-2-3-1 vs 4-2-3-1,6,5,1,6,3,10,7,62,38,2,1,13,16,1.0,1.0,,,2.51,0.65
1213865,2024-12-06T20:00:00+00:00,61,2024,108,Auxerre,85,Paris Saint Germain,0,0,FT,3-4-2-1,4-3-3,3-4-2-1 vs 4-3-3,3,2,1,2,11,6,24,27,73,3,15,8,7,2.0,1.0,,,0.29,2.51
1213872,2024-12-07T16:00:00+00:00,61,2024,91,Monaco,96,Toulouse,2,0,FT,4-2-3-1,3-4-2-1,4-2-3-1 vs 3-4-2-1,4,1,3,5,3,19,6,58,42,2,3,15,16,2.0,2.0,,,3.23,0.51
1213864,2024-12-07T18:00:00+00:00,61,2024,84,Nice,111,Le Havre,2,1,FT,4-3-1-2,3-5-1-1,4-3-1-2 vs 3-5-1-1,9,3,6,5,2,17,12,51,49,5,8,10,10,3.0,2.0,,,2.03,1.01
1213867,2024-12-07T20:00:00+00:00,61,2024,77,Angers,80,Lyon,0,3,FT,4-2-3-1,4-3-3,4-2-3-1 vs 4-3-3,3,2,1,2,10,10,16,36,64,2,7,13,13,0.0,2.0,,,0.63,2.03
1213869,2024-12-08T14:00:00+00:00,61,2024,116,Lens,82,Montpellier,2,0,FT,4-2-3-1,3-4-1-2,4-2-3-1 vs 3-4-1-2,4,8,-4,3,4,17,7,55,45,6,3,15,7,2.0,3.0,,,1.27,1.1
1213871,2024-12-08T16:00:00+00:00,61,2024,83,Nantes,94,Rennes,1,0,FT,5-3-2,3-4-2-1,5-3-2 vs 3-4-2-1,1,2,-1,2,3,14,5,46,54,5,5,15,9,1.0,1.0,0.0,1.0,1.19,0.39
1213870,2024-12-08T16:00:00+00:00,61,2024,95,Strasbourg,93,Reims,0,0,FT,4-2-3-1,4-2-3-1,4-2-3-1 vs 4-2-3-1,5,5,0,2,3,7,10,48,52,3,2,13,16,1.0,2.0,,,0.8,1.11
1213866,2024-12-08T19:45:00+00:00,61,2024,1063,Saint Etienne,81,Marseille,0,2,FT,5-4-1,3-4-2-1,5-4-1 vs 3-4-2-1,8,6,2,2,10,3,21,31,69,0,9,13,10,1.0,1.0,,,0.16,2.51
1213877,2024-12-13T19:45:00+00:00,61,2024,96,Toulouse,1063,Saint Etienne,2,1,FT,3-4-2-1,3-5-2,3-4-2-1 vs 3-5-2,1,9,-8,4,2,11,3,39,61,2,3,16,15,3.0,4.0,,,1.41,0.52
1213880,2024-12-14T16:00:00+00:00,61,2024,81,Marseille,79,Lille,1,1,FT,3-4-2-1,4-2-3-1,3-4-2-1 vs 4-2-3-1,5,5,0,3,5,9,10,56,44,3,8,14,9,1.0,3.0,1.0,0.0,1.27,1.44
1213876,2024-12-14T18:00:00+00:00,61,2024,108,Auxerre,116,Lens,2,2,FT,3-4-2-1,4-2-3-1,3-4-2-1 vs 4-2-3-1,5,5,0,3,5,10,16,39,61,3,5,10,10,3.0,1.0,,,0.58,1.61
1213875,2024-12-14T20:00:00+00:00,61,2024,93,Reims,91,Monaco,0,0,FT,4-2-3-1,3-4-2-1,4-2-3-1 vs 3-4-2-1,5,7,-2,0,3,8,14,37,63,1,4,15,22,1.0,3.0,,,1.51,1.3
1213878,2024-12-15T14:00:00+00:00,61,2024,82,Montpellier,84,Nice,2,2,FT,4-2-3-1,4-1-4-1,4-2-3-1 vs 4-1-4-1,4,9,-5,8,6,21,18,52,48,9,4,15,13,1.0,2.0,,,1.97,1.12
1213873,2024-12-15T16:00:00+00:00,61,2024,94,Rennes,77,Angers,2,0,FT,3-5-1-1,4-2-3-1,3-5-1-1 vs 4-2-3-1,3,3,0,4,0,7,3,45,55,2,1,18,12,3.0,1.0,,,0.56,0.36
1213879,2024-12-15T16:00:00+00:00,61,2024,106,Stade Brestois 29,83,Nantes,4,1,FT,4-3-1-2,5-3-2,4-3-1-2 vs 5-3-2,6,1,5,8,7,13,16,52,48,0,5,10,14,3.0,3.0,,,1.99,1.15
1213874,2024-12-15T16:00:00+00:00,61,2024,111,Le Havre,95,Strasbourg,0,3,FT,3-3-3-1,4-4-2,3-3-3-1 vs 4-4-2,5,3,2,1,5,10,9,56,44,3,2,11,7,0.0,1.0,,,0.86,0.99
1213881,2024-12-15T19:45:00+00:00,61,2024,85,Paris Saint Germain,80,Lyon,3,1,FT,4-3-3,4-1-4-1,4-3-3 vs 4-1-4-1,2,0,2,6,3,13,7,68,32,4,3,7,8,2.0,3.0,,,2.88,1.46
1213882,2024-12-18T20:00:00+00:00,61,2024,91,Monaco,85,Paris Saint Germain,2,4,FT,4-2-3-1,4-3-3,4-2-3-1 vs 4-3-3,8,3,5,5,12,15,17,40,60,1,9,11,11,2.0,0.0,,,2.48,1.77
1213890,2025-01-03T20:00:00+00:00,61,2024,84,Nice,94,Rennes,3,2,FT,4-2-3-1,3-4-2-1,4-2-3-1 vs 3-4-2-1,7,2,5,6,5,9,10,46,54,3,3,11,14,3.0,3.0,1.0,0.0,1.5,1.71
1213885,2025-01-04T16:00:00+00:00,61,2024,1063,Saint Etienne,93,Reims,3,1,FT,4-3-3,4-3-3,4-3-3 vs 4-3-3,7,4,3,4,1,14,11,53,47,6,9,19,10,2.0,1.0,,,2.22,1.11
1213887,2025-01-04T18:00:00+00:00,61,2024,79,Lille,83,Nantes,1,1,FT,4-2-3-1,4-1-4-1,4-2-3-1 vs 4-1-4-1,6,2,4,3,2,13,6,71,29,2,0,6,10,1.0,2.0,,,1.19,1.33
1213883,2025-01-04T20:00:00+00:00,61,2024,80,Lyon,82,Montpellier,1,0,FT,4-3-3,3-4-2-1,4-3-3 vs 3-4-2-1,2,8,-6,2,6,12,16,58,42,3,5,8,10,1.0,2.0,,,1.35,1.17
1213886,2025-01-05T14:00:00+00:00,61,2024,77,Angers,106,Stade Brestois 29,2,0,FT,4-2-3-1,4-3-3,4-2-3-1 vs 4-3-3,3,5,-2,2,4,7,12,38,62,2,4,14,11,2.0,1.0,,,1.78,0.98
1213889,2025-01-05T14:00:00+00:00,61,2024,95,Strasbourg,108,Auxerre,3,1,FT,4-4-2,3-4-3,4-4-2 vs 3-4-3,5,6,-1,4,7,11,14,60,40,4,3,10,13,1.0,2.0,,,2.42,1.38
1213884,2025-01-05T14:00:00+00:00,61,2024,116,Lens,96,Toulouse,0,1,FT,4-2-3-1,3-4-2-1,4-2-3-1 vs 3-4-2-1,8,2,6,1,4,14,8,66,34,7,1,20,12,5.0,2.0,1.0,0.0,1.41,2.03
1213888,2025-01-05T19:45:00+00:00,61,2024,81,Marseille,111,Le Havre,5,1,FT,3-4-2-1,3-5-2,3-4-2-1 vs 3-5-2,6,4,2,9,1,15,4,70,30,4,0,12,6,1.0,0.0,,,3.23,0.45
1213892,2025-01-10T18:00:00+00:00,61,2024,83,Nantes,91,Monaco,2,2,FT,4-1-4-1,3-4-2-1,4-1-4-1 vs 3-4-2-1,2,3,-1,4,7,10,15,31,69,3,11,17,14,3.0,0.0,,,0.81,3.59
1213893,2025-01-10T20:05:00+00:00,61,2024,108,Auxerre,79,Lille,0,0,FT,5-4-1,4-2-3-1,5-4-1 vs 4-2-3-1,6,6,0,3,5,13,13,29,71,6,10,7,8,0.0,4.0,1.0,0.0,0.82,1.47
1213897,2025-01-11T16:00:00+00:00,61,2024,106,Stade Brestois 29,80,Lyon,2,1,FT,4-3-1-2,4-1-4-1,4-3-1-2 vs 4-1-4-1,5,2,3,6,3,11,10,33,67,4,7,10,10,1.0,2.0,,,1.07,1.43
1213894,2025-01-11T18:00:00+00:00,61,2024,93,Reims,84,Nice,2,4,FT,4-2-3-1,4-2-3-1,4-2-3-1 vs 4-2-3-1,3,4,-1,3,10,12,15,55,45,6,3,13,7,4.0,2.0,,,0.79,2.47
1213899,2025-01-11T20:05:00+00:00,61,2024,94,Rennes,81,Marseille,1,2,FT,3-4-2-1,3-4-2-1,3-4-2-1 vs 3-4-2-1,3,5,-2,4,7,5,13,36,64,2,3,11,13,2.0,2.0,,,1.63,1.66
1213895,2025-01-12T14:00:00+00:00,61,2024,111,Le Havre,116,Lens,1,2,FT,4-4-1-1,4-2-3-1,4-4-1-1 vs 4-2-3-1,1,6,-5,4,7,8,25,30,70,3,8,11,14,2.0,2.0,,,1.99,2.79
1213896,2025-01-12T16:15:00+00:00,61,2024,82,Montpellier,77,Angers,1,3,FT,4-1-4-1,4-2-3-1,4-1-4-1 vs 4-2-3-1,4,3,1,3,8,8,21,58,42,3,3,11,15,6.0,2.0,2.0,0.0,1.3,3.81
1213891,2025-01-12T16:15:00+00:00,61,2024,96,Toulouse,95,Strasbourg,1,2,FT,3-4-2-1,4-4-1-1,3-4-2-1 vs 4-4-1-1,3,4,-1,5,2,19,8,53,47,3,2,12,14,1.0,4.0,,,1.24,2.35
1213898,2025-01-12T19:45:00+00:00,61,2024,85,Paris Saint Germain,1063,Saint Etienne,2,1,FT,4-3-3,4-3-3,4-3-3 vs 4-3-3,1,5,-4,9,3,25,8,59,41,7,3,16,11,1.0,2.0,,,4.07,0.24
1213905,2025-01-17T18:00:00+00:00,61,2024,82,Montpellier,91,Monaco,2,1,FT,5-3-2,4-2-3-1,5-3-2 vs 4-2-3-1,6,4,2,4,11,12,26,33,67,4,16,7,9,1.0,2.0,,,2.41,1.85
1213902,2025-01-17T20:05:00+00:00,61,2024,79,Lille,84,Nice,2,1,FT,4-2-3-1,4-2-3-1,4-2-3-1 vs 4-2-3-1,6,5,1,4,3,11,11,55,45,7,7,13,13,1.0,3.0,,,1.12,2.93
1213901,2025-01-18T16:00:00+00:00,61,2024,116,Lens,85,Paris Saint Germain,1,2,FT,5-3-2,3-4-3,5-3-2 vs 3-4-3,4,5,-1,5,7,10,9,33,67,6,1,12,8,2.0,2.0,,,0.72,1.23
1213908,2025-01-18T18:00:00+00:00,61,2024,94,Rennes,106,Stade Brestois 29,1,2,FT,3-4-2-1,4-2-2-2,3-4-2-1 vs 4-2-2-2,2,4,-2,9,3,22,10,68,32,4,4,13,11,2.0,3.0,,,1.46,0.99
1213903,2025-01-18T20:05:00+00:00,61,2024,80,Lyon,96,Toulouse,0,0,FT,4-3-3,3-4-2-1,4-3-3 vs 3-4-2-1,1,3,-2,3,4,11,13,62,38,8,5,8,8,1.0,0.0,,,0.74,1.23
1213904,2025-01-19T14:00:00+00:00,61,2024,1063,Saint Etienne,83,Nantes,1,1,FT,4-3-3,4-1-4-1,4-3-3 vs 4-1-4-1,6,3,3,2,4,12,8,75,25,7,7,9,11,2.0,1.0,,,0.82,1.35
1213907,2025-01-19T16:15:00+00:00,61,2024,77,Angers,108,Auxerre,2,0,FT,4-2-3-1,5-4-1,4-2-3-1 vs 5-4-1,2,3,-1,4,4,12,10,48,52,4,2,9,10,2.0,1.0,0.0,1.0,0.93,0.7
1213906,2025-01-19T16:15:00+00:00,61,2024,93,Reims,111,Le Havre,1,1,FT,4-2-3-1,4-4-2,4-2-3-1 vs 4-4-2,4,3,1,3,2,11,7,55,45,6,6,9,8,2.0,2.0,,,0.78,0.94
1213900,2025-01-19T19:45:00+00:00,61,2024,81,Marseille,95,Strasbourg,1,1,FT,3-4-2-1,4-1-4-1,3-4-2-1 vs 4-1-4-1,6,3,3,3,3,18,7,70,30,9,3,13,14,3.0,3.0,,,2.92,0.8
1213914,2025-01-24T19:45:00+00:00,61,2024,108,Auxerre,1063,Saint Etienne,1,1,FT,5-4-1,4-3-3,5-4-1 vs 4-3-3,5,8,-3,5,3,11,8,37,63,3,4,15,13,2.0,0.0,,,0.84,1.17
1213911,2025-01-25T16:00:00+00:00,61,2024,91,Monaco,94,Rennes,3,2,FT,4-2-3-1,3-4-2-1,4-2-3-1 vs 3-4-2-1,3,4,-1,10,5,20,14,52,48,4,2,12,16,3.0,3.0,,,3.53,1.77
1213909,2025-01-25T18:00:00+00:00,61,2024,95,Strasbourg,79,Lille,2,1,FT,4-2-3-1,3-4-2-1,4-2-3-1 vs 3-4-2-1,5,7,-2,7,6,11,15,42,58,6,7,10,9,4.0,2.0,,,1.06,1.76
1213916,2025-01-25T20:05:00+00:00,61,2024,85,Paris Saint Germain,93,Reims,1,1,FT,4-3-3,4-2-3-1,4-3-3 vs 4-2-3-1,1,4,-3,7,3,18,6,78,22,8,1,13,13,2.0,2.0,,,1.25,0.97
1213913,2025-01-26T14:00:00+00:00,61,2024,111,Le Havre,106,Stade Brestois 29,0,1,FT,4-2-3-1,4-2-3-1,4-2-3-1 vs 4-2-3-1,5,5,0,1,9,11,17,44,56,6,6,12,14,2.0,3.0,,,0.96,2.05
1213910,2025-01-26T16:15:00+00:00,61,2024,83,Nantes,80,Lyon,1,1,FT,4-2-3-1,4-3-3,4-2-3-1 vs 4-3-3,3,1,2,5,4,7,15,37,63,4,8,14,11,3.0,1.0,,,1.26,1.11
1213912,2025-01-26T16:15:00+00:00,61,2024,96,Toulouse,82,Montpellier,1,2,FT,3-4-2-1,4-3-1-2,3-4-2-1 vs 4-3-1-2,4,4,0,6,4,15,6,67,33,6,2,9,15,1.0,2.0,,,0.98,0.58
1213915,2025-01-26T16:15:00+00:00,61,2024,116,Lens,77,Angers,1,0,FT,5-3-2,4-2-3-1,5-3-2 vs 4-2-3-1,4,3,1,4,0,16,2,65,35,4,4,16,10,1.0,1.0,,,1.91,0.16
1213917,2025-01-26T19:45:00+00:00,61,2024,84,Nice,81,Marseille,2,0,FT,3-4-2-1,3-4-2-1,3-4-2-1 vs 3-4-2-1,5,5,0,5,6,14,18,29,71,6,12,12,9,1.0,1.0,,,1.13,0.83
1213920,2025-01-31T19:45:00+00:00,61,2024,82,Montpellier,116,Lens,0,2,FT,4-3-1-2,5-3-2,4-3-1-2 vs 5-3-2,3,7,-4,2,5,14,19,50,50,4,5,12,17,4.0,3.0,,,0.83,2.08
1213919,2025-02-01T16:00:00+00:00,61,2024,106,Stade Brestois 29,85,Paris Saint Germain,2,5,FT,4-2-3-1,4-3-3,4-2-3-1 vs 4-3-3,4,3,1,7,7,14,14,34,66,4,7,9,12,1.0,0.0,,,0.87,3.59
1213926,2025-02-01T18:00:00+00:00,61,2024,91,Monaco,108,Auxerre,4,2,FT,4-2-3-1,5-4-1,4-2-3-1 vs 5-4-1,3,2,1,6,7,11,12,57,43,5,4,17,15,2.0,2.0,,,2.62,1.48
1213921,2025-02-01T20:05:00+00:00,61,2024,79,Lille,1063,Saint Etienne,4,1,FT,4-2-3-1,4-3-3,4-2-3-1 vs 4-3-3,7,5,2,13,2,29,9,67,33,7,1,11,12,1.0,1.0,0.0,1.0,3.41,2.11
1213924,2025-02-02T14:00:00+00:00,61,2024,96,Toulouse,84,Nice,1,1,FT,3-4-2-1,3-4-2-1,3-4-2-1 vs 3-4-2-1,4,4,0,4,3,15,13,53,47,7,2,20,20,2.0,2.0,,,1.47,1.69
1213923,2025-02-02T16:15:00+00:00,61,2024,77,Angers,111,Le Havre,1,1,FT,4-2-3-1,4-1-4-1,4-2-3-1 vs 4-1-4-1,3,4,-1,3,5,17,13,59,41,4,2,8,19,2.0,4.0,1.0,1.0,1.48,2.07
1213922,2025-02-02T16:15:00+00:00,61,2024,93,Reims,83,Nantes,1,2,FT,4-2-3-1,4-3-3,4-2-3-1 vs 4-3-3,4,4,0,2,6,13,11,54,46,9,3,14,10,4.0,3.0,1.0,0.0,1.04,1.92
1213925,2025-02-02T16:15:00+00:00,61,2024,94,Rennes,95,Strasbourg,1,0,FT,3-4-3,3-4-3,3-4-3 vs 3-4-3,2,5,-3,3,3,13,7,45,55,6,2,14,10,3.0,3.0,,,0.91,1.19
1213918,2025-02-02T19:45:00+00:00,61,2024,81,Marseille,80,Lyon,3,2,FT,3-4-2-1,4-2-3-1,3-4-2-1 vs 4-2-3-1,5,1,4,11,4,20,10,64,36,6,2,13,10,4.0,1.0,,,3.24,1.75
1213928,2025-02-07T18:00:00+00:00,61,2024,83,Nantes,106,Stade Brestois 29,0,2,FT,4-3-3,4-3-3,4-3-3 vs 4-3-3,4,3,1,2,6,15,10,59,41,12,4,15,13,3.0,2.0,,,1.1,2.51
1213932,2025-02-07T20:05:00+00:00,61,2024,85,Paris Saint Germain,91,Monaco,4,1,FT,4-3-3,4-4-2,4-3-3 vs 4-4-2,2,4,-2,7,3,16,9,64,36,1,1,9,11,1.0,0.0,,,3.14,1.0
1213935,2025-02-08T16:00:00+00:00,61,2024,84,Nice,116,Lens,2,0,FT,3-4-2-1,5-3-2,3-4-2-1 vs 5-3-2,3,6,-3,8,3,16,12,61,39,7,3,6,19,1.0,4.0,0.0,1.0,2.28,1.17
1213930,2025-02-08T18:00:00+00:00,61,2024,79,Lille,111,Le Havre,1,2,FT,4-2-3-1,4-1-4-1,4-2-3-1 vs 4-1-4-1,5,6,-1,5,6,14,14,67,33,8,10,16,8,2.0,1.0,,,1.52,2.04
1213931,2025-02-08T20:05:00+00:00,61,2024,1063,Saint Etienne,94,Rennes,0,2,FT,4-3-3,3-4-2-1,4-3-3 vs 3-4-2-1,5,5,0,3,9,9,21,53,47,2,4,13,6,1.0,5.0,,,0.48,3.75
1213933,2025-02-09T14:00:00+00:00,61,2024,80,Lyon,93,Reims,4,0,FT,4-2-3-1,4-3-3,4-2-3-1 vs 4-3-3,1,5,-4,9,2,15,9,68,32,6,6,10,12,2.0,2.0,0.0,1.0,3.3,0.35
1213929,2025-02-09T16:15:00+00:00,61,2024,95,Strasbourg,82,Montpellier,2,0,FT,3-4-2-1,3-4-1-2,3-4-2-1 vs 3-4-1-2,3,4,-1,6,2,22,11,59,41,6,2,12,12,1.0,4.0,,,2.75,1.83
1213927,2025-02-09T16:15:00+00:00,61,2024,108,Auxerre,96,Toulouse,2,2,FT,3-4-2-1,3-4-2-1,3-4-2-1 vs 3-4-2-1,2,3,-1,3,3,9,7,54,46,3,5,11,9,1.0,1.0,,,0.9,0.91
1213934,2025-02-09T19:45:00+00:00,61,2024,77,Angers,81,Marseille,0,2,FT,4-2-3-1,3-4-1-2,4-2-3-1 vs 3-4-1-2,4,5,-1,0,10,5,18,22,78,1,7,10,8,1.0,2.0,,,0.49,2.47
1213940,2025-02-14T19:45:00+00:00,61,2024,106,Stade Brestois 29,108,Auxerre,2,2,FT,4-2-3-1,4-2-3-1,4-2-3-1 vs 4-2-3-1,4,4,0,6,6,18,11,64,36,6,4,9,12,2.0,2.0,,,2.18,1.15
1213937,2025-02-15T16:00:00+00:00,61,2024,81,Marseille,1063,Saint Etienne,5,1,FT,3-4-1-2,4-3-3,3-4-1-2 vs 4-3-3,3,3,0,14,2,28,7,71,29,14,3,14,9,1.0,1.0,,,6.43,0.96
1213944,2025-02-15T18:00:00+00:00,61,2024,91,Monaco,83,Nantes,7,1,FT,4-2-3-1,5-3-2,4-2-3-1 vs 5-3-2,3,3,0,11,2,22,6,65,35,9,1,18,9,1.0,1.0,0.0,1.0,4.44,1.18
1213936,2025-02-15T20:05:00+00:00,61,2024,96,Toulouse,85,Paris Saint Germain,0,1,FT,5-4-1,4-3-3,5-4-1 vs 4-3-3,1,3,-2,4,6,14,20,23,77,5,2,9,6,2.0,0.0,,,0.88,2.44
1213938,2025-02-16T14:00:00+00:00,61,2024,82,Montpellier,80,Lyon,1,4,FT,4-3-1-2,4-2-3-1,4-3-1-2 vs 4-2-3-1,8,2,6,4,6,11,9,37,63,7,4,14,12,3.0,1.0,,,1.4,0.95
1213942,2025-02-16T16:15:00+00:00,61,2024,93,Reims,77,Angers,0,1,FT,4-3-3,4-2-3-1,4-3-3 vs 4-2-3-1,5,5,0,4,3,16,10,63,37,1,4,13,6,2.0,1.0,,,1.68,1.61
1213943,2025-02-16T16:15:00+00:00,61,2024,111,Le Havre,84,Nice,1,3,FT,4-1-4-1,3-4-2-1,4-1-4-1 vs 3-4-2-1,4,4,0,4,3,14,9,49,51,6,2,14,16,2.0,2.0,0.0,1.0,0.7,1.42
1213939,2025-02-16T16:15:00+00:00,61,2024,116,Lens,95,Strasbourg,0,2,FT,4-2-3-1,3-4-2-1,4-2-3-1 vs 3-4-2-1,6,4,2,0,5,7,13,56,44,7,3,12,15,4.0,2.0,1.0,0.0,0.36,2.35
1213941,2025-02-16T19:45:00+00:00,61,2024,94,Rennes,79,Lille,0,2,FT,3-4-2-1,4-2-3-1,3-4-2-1 vs 4-2-3-1,4,5,-1,0,7,4,18,37,63,4,8,9,18,2.0,1.0,1.0,0.0,0.46,3.18
1213945,2025-02-21T19:45:00+00:00,61,2024,94,Rennes,93,Reims,1,0,FT,3-5-2,4-2-3-1,3-5-2 vs 4-2-3-1,6,7,-1,5,0,26,3,59,41,9,2,15,7,1.0,2.0,0.0,2.0,2.38,0.18
1213947,2025-02-22T16:00:00+00:00,61,2024,79,Lille,91,Monaco,2,1,FT,4-4-2,4-2-3-1,4-4-2 vs 4-2-3-1,5,4,1,6,3,9,13,43,57,1,6,11,18,4.0,2.0,,,1.11,2.34
1213950,2025-02-22T18:00:00+00:00,61,2024,1063,Saint Etienne,77,Angers,3,3,FT,4-3-3,4-2-3-1,4-3-3 vs 4-2-3-1,3,6,-3,8,4,19,13,62,38,4,3,13,16,3.0,0.0,,,1.69,2.94
1213951,2025-02-22T20:05:00+00:00,61,2024,108,Auxerre,81,Marseille,3,0,FT,5-4-1,3-4-2-1,5-4-1 vs 3-4-2-1,3,3,0,5,2,9,8,21,79,2,5,9,13,1.0,3.0,0.0,1.0,1.96,0.66
1213949,2025-02-23T14:00:00+00:00,61,2024,83,Nantes,116,Lens,3,1,FT,4-3-3,4-2-3-1,4-3-3 vs 4-2-3-1,5,6,-1,8,4,17,14,35,65,2,11,13,18,2.0,4.0,0.0,1.0,4.41,1.77
1213952,2025-02-23T16:15:00+00:00,61,2024,84,Nice,82,Montpellier,2,0,FT,3-4-2-1,5-3-2,3-4-2-1 vs 5-3-2,3,8,-5,6,1,16,13,57,43,8,5,17,15,1.0,1.0,,,1.77,0.56
1213948,2025-02-23T16:15:00+00:00,61,2024,95,Strasbourg,106,Stade Brestois 29,0,0,FT,3-4-2-1,4-2-3-1,3-4-2-1 vs 4-2-3-1,3,4,-1,1,2,3,12,57,43,1,8,12,12,3.0,1.0,,,0.54,0.56
1213946,2025-02-23T16:15:00+00:00,61,2024,111,Le Havre,96,Toulouse,1,4,FT,4-1-4-1,3-4-2-1,4-1-4-1 vs 3-4-2-1,2,2,0,3,5,11,11,54,46,5,3,11,13,0.0,2.0,1.0,0.0,0.77,2.38
1213953,2025-02-23T19:45:00+00:00,61,2024,80,Lyon,85,Paris Saint Germain,2,3,FT,4-3-3,4-3-3,4-3-3 vs 4-3-3,0,2,-2,7,8,14,15,35,65,5,4,12,8,1.0,1.0,,,1.78,2.46
1213961,2025-02-28T19:45:00+00:00,61,2024,91,Monaco,93,Reims,3,0,FT,4-2-3-1,5-3-2,4-2-3-1 vs 5-3-2,4,7,-3,9,5,23,9,56,44,7,2,7,7,,,,,3.93,0.63
1213958,2025-03-01T16:00:00+00:00,61,2024,1063,Saint Etienne,84,Nice,1,3,FT,4-2-3-1,3-4-2-1,4-2-3-1 vs 3-4-2-1,2,3,-1,3,9,12,16,62,38,3,4,10,11,2.0,1.0,,,0.89,1.91
1213959,2025-03-01T18:00:00+00:00,61,2024,116,Lens,111,Le Havre,3,4,FT,5-3-2,4-4-2,5-3-2 vs 4-4-2,5,4,1,7,4,20,8,69,31,9,2,12,11,2.0,2.0,,,1.88,1.44
1213954,2025-03-01T20:05:00+00:00,61,2024,85,Paris Saint Germain,79,Lille,4,1,FT,4-3-3,4-2-3-1,4-3-3 vs 4-2-3-1,0,3,-3,11,2,26,6,58,42,9,3,6,10,0.0,2.0,,,3.59,1.07
1213956,2025-03-02T14:00:00+00:00,61,2024,80,Lyon,106,Stade Brestois 29,2,1,FT,4-2-3-1,4-4-1-1,4-2-3-1 vs 4-4-1-1,1,8,-7,4,5,10,15,66,34,2,5,16,12,2.0,1.0,,,1.39,2.0
1213962,2025-03-02T16:15:00+00:00,61,2024,77,Angers,96,Toulouse,0,4,FT,4-2-3-1,3-4-2-1,4-2-3-1 vs 3-4-2-1,7,5,2,1,13,5,19,46,54,4,9,13,9,3.0,3.0,,,0.35,3.54
1213957,2025-03-02T16:15:00+00:00,61,2024,82,Montpellier,94,Rennes,0,4,FT,5-3-2,3-5-2,5-3-2 vs 3-5-2,8,4,4,5,9,16,15,45,55,6,5,15,15,2.0,1.0,,,1.64,2.46
1213960,2025-03-02T16:15:00+00:00,61,2024,108,Auxerre,95,Strasbourg,0,1,FT,3-4-2-1,3-4-2-1,3-4-2-1 vs 3-4-2-1,2,3,-1,5,3,14,6,45,55,5,3,10,10,1.0,3.0,0.0,1.0,2.24,0.95
1213955,2025-03-02T19:45:00+00:00,61,2024,81,Marseille,83,Nantes,2,0,FT,3-4-2-1,5-4-1,3-4-2-1 vs 5-4-1,5,6,-1,5,2,21,8,75,25,3,2,14,15,1.0,2.0,,,2.15,0.88
1213966,2025-03-07T19:45:00+00:00,61,2024,96,Toulouse,91,Monaco,1,1,FT,3-4-2-1,4-2-3-1,3-4-2-1 vs 4-2-3-1,5,5,0,3,3,8,13,50,50,3,5,16,17,1.0,3.0,,,0.57,2.43
1213970,2025-03-08T16:00:00+00:00,61,2024,94,Rennes,85,Paris Saint Germain,1,4,FT,3-4-2-1,4-3-3,3-4-2-1 vs 4-3-3,4,1,3,3,9,13,19,32,68,3,2,11,6,2.0,3.0,,,1.75,3.85
1213969,2025-03-08T18:00:00+00:00,61,2024,79,Lille,82,Montpellier,1,0,FT,4-3-3,5-4-1,4-3-3 vs 5-4-1,4,7,-3,8,3,18,10,77,23,7,1,11,12,2.0,3.0,,,1.54,0.33
1213971,2025-03-08T20:05:00+00:00,61,2024,81,Marseille,116,Lens,0,1,FT,3-4-2-1,5-4-1,3-4-2-1 vs 5-4-1,6,9,-3,6,2,15,3,76,24,7,0,15,12,3.0,1.0,,,1.01,0.87
1213968,2025-03-09T14:00:00+00:00,61,2024,106,Stade Brestois 29,77,Angers,2,0,FT,4-4-1-1,4-2-3-1,4-4-1-1 vs 4-2-3-1,5,2,3,7,1,19,7,50,50,6,6,14,8,1.0,1.0,,,3.57,0.37
1213965,2025-03-09T16:15:00+00:00,61,2024,83,Nantes,95,Strasbourg,0,1,FT,5-3-2,3-4-2-1,5-3-2 vs 3-4-2-1,5,7,-2,2,1,11,9,39,61,3,9,12,17,1.0,1.0,,,0.82,0.98
1213964,2025-03-09T16:15:00+00:00,61,2024,93,Reims,108,Auxerre,0,2,FT,4-2-3-1,5-4-1,4-2-3-1 vs 5-4-1,6,3,3,4,9,17,13,57,43,6,12,9,13,1.0,1.0,,,1.55,2.14
1213963,2025-03-09T16:15:00+00:00,61,2024,111,Le Havre,1063,Saint Etienne,1,1,FT,4-2-3-1,4-2-3-1,4-2-3-1 vs 4-2-3-1,5,3,2,7,3,13,12,47,53,5,6,9,17,2.0,3.0,,,2.08,1.51
1213967,2025-03-09T19:45:00+00:00,61,2024,84,Nice,80,Lyon,0,2,FT,3-4-2-1,4-2-3-1,3-4-2-1 vs 4-2-3-1,3,0,3,4,5,18,8,37,63,9,2,12,11,1.0,2.0,,,1.44,1.07
1213973,2025-03-14T19:45:00+00:00,61,2024,84,Nice,108,Auxerre,1,1,FT,3-4-3,5-4-1,3-4-3 vs 5-4-1,4,4,0,6,4,20,10,51,49,7,3,14,18,1.0,3.0,1.0,0.0,2.17,0.75
1213979,2025-03-15T16:00:00+00:00,61,2024,83,Nantes,79,Lille,1,0,FT,4-3-3,4-2-3-1,4-3-3 vs 4-2-3-1,6,5,1,3,4,10,13,32,68,3,5,9,15,2.0,3.0,1.0,0.0,1.21,1.58
1213980,2025-03-15T18:00:00+00:00,61,2024,77,Angers,91,Monaco,0,2,FT,4-2-3-1,4-2-3-1,4-2-3-1 vs 4-2-3-1,7,5,2,2,5,6,16,43,57,0,9,12,11,1.0,2.0,,,0.49,2.05
1213977,2025-03-15T20:05:00+00:00,61,2024,116,Lens,94,Rennes,1,0,FT,3-4-3,3-5-2,3-4-3 vs 3-5-2,5,5,0,4,5,9,12,45,55,5,4,17,14,1.0,1.0,,,0.75,0.59
1213976,2025-03-16T14:00:00+00:00,61,2024,80,Lyon,111,Le Havre,4,2,FT,4-2-3-1,4-2-3-1,4-2-3-1 vs 4-2-3-1,0,6,-6,7,5,16,14,67,33,4,1,20,12,2.0,3.0,,,3.84,1.72
1213974,2025-03-16T16:15:00+00:00,61,2024,82,Montpellier,1063,Saint Etienne,0,2,FT,4-2-3-1,4-3-3,4-2-3-1 vs 4-3-3,7,3,4,3,6,13,11,41,59,4,6,4,7,1.0,3.0,0.0,1.0,0.92,1.21
1213978,2025-03-16T16:15:00+00:00,61,2024,95,Strasbourg,96,Toulouse,2,1,FT,3-4-2-1,3-4-2-1,3-4-2-1 vs 3-4-2-1,6,4,2,3,7,11,11,57,43,4,3,10,14,0.0,2.0,,,1.69,1.76
1213975,2025-03-16T16:15:00+00:00,61,2024,106,Stade Brestois 29,93,Reims,0,0,FT,4-3-3,4-5-1,4-3-3 vs 4-5-1,7,6,1,0,2,11,12,72,28,4,4,9,13,1.0,3.0,1.0,0.0,0.36,1.16
1213972,2025-03-16T19:45:00+00:00,61,2024,85,Paris Saint Germain,81,Marseille,3,1,FT,4-3-3,3-4-2-1,4-3-3 vs 3-4-2-1,1,6,-5,5,2,16,11,60,40,5,5,7,9,1.0,0.0,,,2.73,0.98
1213984,2025-03-28T19:45:00+00:00,61,2024,95,Strasbourg,80,Lyon,4,2,FT,4-2-3-1,4-2-3-1,4-2-3-1 vs 4-2-3-1,5,2,3,7,11,14,16,40,60,6,5,12,15,2.0,2.0,,,1.09,1.99
1213987,2025-03-29T16:00:00+00:00,61,2024,93,Reims,81,Marseille,3,1,FT,5-4-1,3-4-2-1,5-4-1 vs 3-4-2-1,6,6,0,5,8,7,20,20,80,0,12,6,9,,,,,0.98,1.09
1213986,2025-03-29T18:00:00+00:00,61,2024,1063,Saint Etienne,85,Paris Saint Germain,1,6,FT,4-3-3,4-3-3,4-3-3 vs 4-3-3,2,4,-2,2,10,11,22,47,53,3,6,9,12,2.0,0.0,,,0.97,3.27
1213989,2025-03-29T20:05:00+00:00,61,2024,91,Monaco,84,Nice,2,1,FT,4-4-2,3-4-3,4-4-2 vs 3-4-3,3,2,1,6,4,17,9,57,43,7,4,17,14,2.0,4.0,0.0,1.0,2.45,0.51
1213985,2025-03-30T13:00:00+00:00,61,2024,96,Toulouse,106,Stade Brestois 29,2,4,FT,3-4-2-1,4-3-3,3-4-2-1 vs 4-3-3,4,8,-4,4,5,17,10,53,47,10,3,10,18,0.0,5.0,,,2.06,1.36
1213981,2025-03-30T15:15:00+00:00,61,2024,77,Angers,94,Rennes,0,3,FT,4-3-3,3-4-2-1,4-3-3 vs 3-4-2-1,5,4,1,4,6,9,14,42,58,6,5,10,16,1.0,0.0,,,0.81,1.54
1213982,2025-03-30T15:15:00+00:00,61,2024,108,Auxerre,82,Montpellier,1,0,FT,3-4-2-1,4-2-3-1,3-4-2-1 vs 4-2-3-1,3,8,-5,6,1,21,12,53,47,10,6,14,14,3.0,1.0,,,2.1,0.53
1213983,2025-03-30T15:15:00+00:00,61,2024,111,Le Havre,83,Nantes,3,2,FT,4-2-3-1,4-3-3,4-2-3-1 vs 4-3-3,4,7,-3,5,2,16,7,52,48,3,4,16,9,1.0,2.0,,,4.33,0.9
1213988,2025-03-30T18:45:00+00:00,61,2024,79,Lille,116,Lens,1,0,FT,4-3-3,3-4-3,4-3-3 vs 3-4-3,5,5,0,5,2,11,5,45,55,6,2,13,15,1.0,3.0,,,1.86,0.41
1213991,2025-04-04T18:45:00+00:00,61,2024,84,Nice,83,Nantes,1,2,FT,3-4-2-1,3-4-3,3-4-2-1 vs 3-4-3,3,6,-3,9,4,21,8,76,24,11,2,9,14,1.0,1.0,,,1.9,0.57
1213996,2025-04-05T15:00:00+00:00,61,2024,85,Paris Saint Germain,77,Angers,1,0,FT,4-3-3,5-3-2,4-3-3 vs 5-3-2,1,5,-4,6,0,20,4,81,19,5,1,7,12,0.0,3.0,,,1.92,0.18
1213992,2025-04-05T17:00:00+00:00,61,2024,106,Stade Brestois 29,91,Monaco,2,1,FT,4-3-3,4-4-2,4-3-3 vs 4-4-2,6,3,3,4,3,13,10,41,59,2,9,13,16,3.0,2.0,,,0.91,1.66
1213994,2025-04-05T19:05:00+00:00,61,2024,80,Lyon,79,Lille,2,1,FT,4-2-3-1,4-2-3-1,4-2-3-1 vs 4-2-3-1,2,4,-2,4,4,10,10,56,44,1,3,15,14,3.0,2.0,,,1.82,0.91
1213995,2025-04-06T13:00:00+00:00,61,2024,116,Lens,1063,Saint Etienne,1,0,FT,3-4-1-2,4-3-3,3-4-1-2 vs 4-3-3,7,2,5,5,3,20,8,61,39,6,3,14,20,3.0,2.0,,,2.18,1.42
1213993,2025-04-06T15:15:00+00:00,61,2024,82,Montpellier,111,Le Havre,0,2,FT,4-2-3-1,4-2-3-1,4-2-3-1 vs 4-2-3-1,6,3,3,6,4,14,13,54,46,5,2,15,7,1.0,1.0,1.0,0.0,1.02,1.37
1213997,2025-04-06T15:15:00+00:00,61,2024,93,Reims,95,Strasbourg,0,1,FT,5-4-1,3-4-3,5-4-1 vs 3-4-3,4,2,2,7,4,14,13,48,52,4,7,11,9,2.0,2.0,1.0,1.0,1.45,2.55
1213998,2025-04-06T15:15:00+00:00,61,2024,94,Rennes,108,Auxerre,0,1,FT,3-4-2-1,5-4-1,3-4-2-1 vs 5-4-1,5,6,-1,5,3,18,11,63,37,8,5,10,5,,,,,1.21,0.78
1213990,2025-04-06T18:45:00+00:00,61,2024,81,Marseille,96,Toulouse,3,2,FT,3-4-2-1,3-4-2-1,3-4-2-1 vs 3-4-2-1,5,3,2,4,3,9,8,67,33,5,1,11,15,2.0,3.0,,,1.01,1.23
1214006,2025-04-11T18:45:00+00:00,61,2024,116,Lens,93,Reims,0,2,FT,3-4-3,5-4-1,3-4-3 vs 5-4-1,6,5,1,14,2,37,10,70,30,9,2,9,7,1.0,0.0,,,3.2,1.34
1214007,2025-04-12T15:00:00+00:00,61,2024,91,Monaco,81,Marseille,3,0,FT,4-4-2,3-4-2-1,4-4-2 vs 3-4-2-1,3,4,-1,10,4,15,8,41,59,4,4,6,18,2.0,1.0,,,2.67,1.06
1213999,2025-04-12T17:00:00+00:00,61,2024,96,Toulouse,79,Lille,1,2,FT,3-4-2-1,4-2-3-1,3-4-2-1 vs 4-2-3-1,3,4,-1,5,3,9,6,43,57,4,2,15,11,1.0,2.0,,,0.91,0.4
1214003,2025-04-12T19:05:00+00:00,61,2024,95,Strasbourg,84,Nice,2,2,FT,3-4-2-1,3-4-2-1,3-4-2-1 vs 3-4-2-1,4,3,1,4,6,11,23,47,53,2,9,5,8,1.0,2.0,,,0.71,1.75
1214004,2025-04-13T13:00:00+00:00,61,2024,1063,Saint Etienne,106,Stade Brestois 29,3,3,FT,4-3-3,4-2-3-1,4-3-3 vs 4-2-3-1,2,6,-4,4,6,9,13,60,40,7,9,21,18,2.0,4.0,,,0.7,1.53
1214005,2025-04-13T15:15:00+00:00,61,2024,77,Angers,82,Montpellier,2,0,FT,5-3-2,5-4-1,5-3-2 vs 5-4-1,5,8,-3,4,2,10,5,37,63,6,1,12,13,0.0,2.0,,,1.35,0.38
1214000,2025-04-13T15:15:00+00:00,61,2024,111,Le Havre,94,Rennes,1,5,FT,4-2-3-1,3-5-2,4-2-3-1 vs 3-5-2,4,3,1,2,6,11,10,56,44,4,3,16,11,2.0,3.0,,,0.62,2.79
1214001,2025-04-13T18:45:00+00:00,61,2024,108,Auxerre,80,Lyon,1,3,FT,5-4-1,4-2-3-1,5-4-1 vs 4-2-3-1,6,2,4,3,7,14,13,41,59,3,6,11,9,3.0,1.0,,,0.74,3.09
1214016,2025-04-18T18:45:00+00:00,61,2024,94,Rennes,83,Nantes,2,1,FT,3-5-2,3-4-3,3-5-2 vs 3-4-3,2,4,-2,5,1,19,4,66,34,10,2,24,13,3.0,5.0,0.0,1.0,2.77,0.68
1214012,2025-04-19T15:00:00+00:00,61,2024,85,Paris Saint Germain,111,Le Havre,2,1,FT,3-4-3,4-3-3,3-4-3 vs 4-3-3,2,5,-3,11,1,18,9,70,30,7,3,7,10,,,,,3.14,0.45
1214015,2025-04-19T17:00:00+00:00,61,2024,91,Monaco,95,Strasbourg,0,0,FT,4-2-3-1,3-5-2,4-2-3-1 vs 3-5-2,3,2,1,4,2,12,5,47,53,3,2,18,10,3.0,3.0,,,0.93,0.39
1214013,2025-04-19T19:05:00+00:00,61,2024,81,Marseille,82,Montpellier,5,1,FT,3-4-2-1,5-4-1,3-4-2-1 vs 5-4-1,3,8,-5,8,1,18,6,68,32,7,2,11,11,2.0,2.0,,,3.73,0.24
1214011,2025-04-20T13:00:00+00:00,61,2024,79,Lille,108,Auxerre,3,1,FT,4-4-2,5-4-1,4-4-2 vs 5-4-1,4,7,-3,9,2,15,6,57,43,8,4,8,13,1.0,2.0,,,2.04,0.25
1214009,2025-04-20T15:15:00+00:00,61,2024,84,Nice,77,Angers,2,1,FT,3-4-2-1,5-3-2,3-4-2-1 vs 5-3-2,2,6,-4,8,3,22,6,53,47,4,2,10,8,1.0,1.0,,,2.86,0.34
1214014,2025-04-20T15:15:00+00:00,61,2024,93,Reims,96,Toulouse,1,0,FT,5-4-1,3-4-2-1,5-4-1 vs 3-4-2-1,5,2,3,2,6,8,18,52,48,0,9,11,12,1.0,0.0,0.0,1.0,0.74,1.29
1214010,2025-04-20T15:15:00+00:00,61,2024,106,Stade Brestois 29,116,Lens,1,3,FT,4-3-3,3-4-2-1,4-3-3 vs 3-4-2-1,5,7,-2,5,9,11,17,44,56,7,6,11,11,,,1.0,0.0,0.73,2.52
1214008,2025-04-20T18:45:00+00:00,61,2024,1063,Saint Etienne,80,Lyon,2,1,FT,4-3-3,4-2-2-2,4-3-3 vs 4-2-2-2,4,4,0,6,2,18,14,41,59,8,6,12,13,3.0,4.0,,,1.6,0.76
1214002,2025-04-22T18:45:00+00:00,61,2024,83,Nantes,85,Paris Saint Germain,1,1,FT,5-3-2,4-3-3,5-3-2 vs 4-3-3,5,1,4,2,5,8,10,25,75,4,4,5,9,2.0,0.0,,,0.49,1.6
1214023,2025-04-25T18:45:00+00:00,61,2024,85,Paris Saint Germain,84,Nice,1,3,FT,4-3-3,3-5-2,4-3-3 vs 3-5-2,0,2,-2,13,3,32,7,76,24,17,0,9,11,3.0,1.0,,,3.16,0.96
1214018,2025-04-26T15:00:00+00:00,61,2024,95,Strasbourg,1063,Saint Etienne,3,1,FT,3-4-2-1,4-3-3,3-4-2-1 vs 4-3-3,1,3,-2,7,6,18,17,51,49,5,8,10,7,1.0,0.0,,,2.83,2.06
1214017,2025-04-26T17:00:00+00:00,61,2024,111,Le Havre,91,Monaco,1,1,FT,4-2-3-1,4-4-2,4-2-3-1 vs 4-4-2,6,1,5,3,7,9,20,39,61,3,6,12,13,1.0,0.0,,,0.51,3.2
1214025,2025-04-26T19:05:00+00:00,61,2024,80,Lyon,94,Rennes,4,1,FT,4-2-3-1,3-5-2,4-2-3-1 vs 3-5-2,1,3,-2,8,4,14,10,54,46,7,2,12,8,,,,,1.88,0.82
1214022,2025-04-27T13:00:00+00:00,61,2024,77,Angers,79,Lille,0,2,FT,4-2-3-1,4-4-2,4-2-3-1 vs 4-4-2,8,4,4,3,5,6,9,37,63,7,2,17,10,1.0,5.0,0.0,1.0,0.72,1.43
1214020,2025-04-27T15:15:00+00:00,61,2024,82,Montpellier,93,Reims,0,0,FT,5-4-1,5-4-1,5-4-1 vs 5-4-1,9,3,6,2,3,12,8,54,46,5,5,17,13,3.0,3.0,,,0.59,0.6
1214019,2025-04-27T15:15:00+00:00,61,2024,83,Nantes,96,Toulouse,0,0,FT,5-3-2,3-4-2-1,5-3-2 vs 3-4-2-1,6,6,0,3,3,11,6,59,41,3,5,13,11,2.0,3.0,0.0,1.0,1.05,0.35
1214021,2025-04-27T15:15:00+00:00,61,2024,116,Lens,108,Auxerre,0,4,FT,3-4-2-1,5-4-1,3-4-2-1 vs 5-4-1,7,6,1,5,8,16,12,66,34,8,1,12,13,4.0,4.0,1.0,0.0,1.44,2.65
1214024,2025-04-27T18:45:00+00:00,61,2024,81,Marseille,106,Stade Brestois 29,4,1,FT,4-2-3-1,4-2-3-1,4-2-3-1 vs 4-2-3-1,3,7,-4,7,4,11,9,54,46,4,3,14,16,1.0,4.0,,,0.91,1.81
1214028,2025-05-02T18:45:00+00:00,61,2024,84,Nice,93,Reims,1,0,FT,3-5-2,5-4-1,3-5-2 vs 5-4-1,3,4,-1,2,3,8,16,55,45,5,3,14,21,2.0,2.0,,,1.51,1.28
1214033,2025-05-03T15:00:00+00:00,61,2024,95,Strasbourg,85,Paris Saint Germain,2,1,FT,3-4-2-1,3-4-3,3-4-2-1 vs 3-4-3,1,2,-1,2,4,9,20,36,64,6,2,14,13,1.0,2.0,,,0.73,1.73
1214032,2025-05-03T17:00:00+00:00,61,2024,96,Toulouse,94,Rennes,2,1,FT,3-4-2-1,3-4-3,3-4-2-1 vs 3-4-3,6,4,2,3,6,9,15,38,62,6,5,7,15,2.0,2.0,,,0.81,1.48
1214030,2025-05-03T19:05:00+00:00,61,2024,1063,Saint Etienne,91,Monaco,1,3,FT,4-3-3,4-4-2,4-3-3 vs 4-4-2,4,2,2,1,6,11,12,60,40,6,5,15,12,,,,,0.6,1.98
1214031,2025-05-04T13:00:00+00:00,61,2024,83,Nantes,77,Angers,0,1,FT,4-3-3,4-4-1-1,4-3-3 vs 4-4-1-1,5,4,1,3,2,8,14,58,42,4,6,12,16,2.0,3.0,,,0.52,1.12
1214026,2025-05-04T15:15:00+00:00,61,2024,80,Lyon,116,Lens,1,2,FT,4-2-3-1,5-4-1,4-2-3-1 vs 5-4-1,3,6,-3,4,3,18,8,69,31,8,2,8,12,2.0,3.0,,,1.04,0.73
1214029,2025-05-04T15:15:00+00:00,61,2024,106,Stade Brestois 29,82,Montpellier,1,0,FT,4-3-3,5-4-1,4-3-3 vs 5-4-1,5,9,-4,5,1,16,6,64,36,4,6,14,18,1.0,2.0,,,1.1,0.56
1214034,2025-05-04T15:15:00+00:00,61,2024,108,Auxerre,111,Le Havre,1,2,FT,5-4-1,4-1-4-1,5-4-1 vs 4-1-4-1,5,5,0,1,5,4,11,47,53,0,9,11,10,2.0,1.0,,,0.24,1.54
1214027,2025-05-04T18:45:00+00:00,61,2024,79,Lille,81,Marseille,1,1,FT,4-4-2,4-2-3-1,4-4-2 vs 4-2-3-1,5,2,3,1,6,5,13,40,60,2,5,9,8,2.0,2.0,,,0.46,1.32
1214037,2025-05-10T19:00:00+00:00,61,2024,77,Angers,95,Strasbourg,2,1,FT,4-5-1,3-4-2-1,4-5-1 vs 3-4-2-1,6,2,4,2,3,5,15,28,72,2,6,6,10,2.0,2.0,,,0.75,0.99
1214040,2025-05-10T19:00:00+00:00,61,2024,82,Montpellier,85,Paris Saint Germain,1,4,FT,5-3-2,3-3-1-3,5-3-2 vs 3-3-1-3,10,9,1,4,8,9,10,31,69,5,4,14,11,1.0,1.0,,,0.61,1.5
1214043,2025-05-10T19:00:00+00:00,61,2024,91,Monaco,80,Lyon,2,0,FT,4-4-2,4-3-1-2,4-4-2 vs 4-3-1-2,2,2,0,5,4,11,9,51,49,3,5,16,18,2.0,4.0,,,1.16,0.39
1214035,2025-05-10T19:00:00+00:00,61,2024,93,Reims,1063,Saint Etienne,0,2,FT,5-4-1,4-3-3,5-4-1 vs 4-3-3,3,2,1,3,4,19,9,48,52,4,5,13,12,1.0,0.0,,,1.91,0.66
1214039,2025-05-10T19:00:00+00:00,61,2024,94,Rennes,84,Nice,2,0,FT,4-3-3,3-5-2,4-3-3 vs 3-5-2,2,5,-3,4,6,10,14,51,49,1,5,5,13,1.0,1.0,,,1.18,1.05
1214041,2025-05-10T19:00:00+00:00,61,2024,96,Toulouse,116,Lens,1,1,FT,3-4-2-1,5-4-1,3-4-2-1 vs 5-4-1,4,7,-3,6,2,9,12,40,60,2,1,17,12,2.0,5.0,,,1.01,0.79
1214042,2025-05-10T19:00:00+00:00,61,2024,106,Stade Brestois 29,79,Lille,2,0,FT,4-3-3,4-4-2,4-3-3 vs 4-4-2,8,5,3,4,2,12,18,39,61,3,7,6,14,1.0,1.0,,,1.2,2.06
1214036,2025-05-10T19:00:00+00:00,61,2024,108,Auxerre,83,Nantes,1,1,FT,5-4-1,5-3-2,5-4-1 vs 5-3-2,3,3,0,3,2,9,7,62,38,7,3,15,16,3.0,1.0,,,0.43,0.67
1214038,2025-05-10T19:00:00+00:00,61,2024,111,Le Havre,81,Marseille,1,3,FT,4-3-3,4-2-3-1,4-3-3 vs 4-2-3-1,4,4,0,4,5,10,22,46,54,2,9,12,12,2.0,2.0,,,0.96,2.57
1214048,2025-05-17T19:00:00+00:00,61,2024,79,Lille,93,Reims,2,1,FT,4-2-3-1,5-4-1,4-2-3-1 vs 5-4-1,4,5,-1,5,2,21,5,78,22,10,3,11,7,0.0,1.0,,,2.06,0.11
1214045,2025-05-17T19:00:00+00:00,61,2024,80,Lyon,77,Angers,2,0,FT,4-2-3-1,4-5-1,4-2-3-1 vs 4-5-1,2,8,-6,4,3,21,13,57,43,8,8,10,13,1.0,3.0,,,3.95,0.5
1214044,2025-05-17T19:00:00+00:00,61,2024,81,Marseille,94,Rennes,4,2,FT,4-3-3,4-1-4-1,4-3-3 vs 4-1-4-1,4,3,1,10,3,17,9,61,39,5,5,8,12,3.0,3.0,,,3.99,1.15
1214050,2025-05-17T19:00:00+00:00,61,2024,83,Nantes,82,Montpellier,3,0,FT,3-5-2,5-3-2,3-5-2 vs 5-3-2,4,10,-6,6,0,18,9,44,56,7,2,14,9,3.0,1.0,,,2.43,0.84
1214046,2025-05-17T19:00:00+00:00,61,2024,84,Nice,106,Stade Brestois 29,6,0,FT,3-4-2-1,4-3-1-2,3-4-2-1 vs 4-3-1-2,4,5,-1,9,1,18,10,42,58,5,2,13,12,0.0,5.0,,,4.86,1.0
1214052,2025-05-17T19:00:00+00:00,61,2024,85,Paris Saint Germain,108,Auxerre,3,1,FT,4-3-3,5-4-1,4-3-3 vs 5-4-1,1,4,-3,9,2,21,7,67,33,5,2,10,9,1.0,2.0,,,3.11,0.63
1214049,2025-05-17T19:00:00+00:00,61,2024,95,Strasbourg,111,Le Havre,2,3,FT,3-4-2-1,3-4-3,3-4-2-1 vs 3-4-3,2,4,-2,4,5,6,10,50,50,4,3,18,8,3.0,0.0,1.0,0.0,1.46,2.46
1214051,2025-05-17T19:00:00+00:00,61,2024,116,Lens,91,Monaco,4,0,FT,3-1-4-2,4-2-3-1,3-1-4-2 vs 4-2-3-1,6,3,3,5,4,15,6,46,54,5,4,14,9,1.0,1.0,0.0,1.0,1.78,0.45
1214047,2025-05-17T19:00:00+00:00,61,2024,1063,Saint Etienne,96,Toulouse,2,3,FT,4-3-3,3-4-3,4-3-3 vs 3-4-3,2,4,-2,7,9,18,17,57,43,7,6,10,7,3.0,2.0,,,1.33,3.21
1375858,2025-05-21T18:00:00+00:00,61,2024,112,Metz,93,Reims,1,1,FT,4-4-2,4-4-2,4-4-2 vs 4-4-2,2,4,-2,3,1,12,10,61,39,6,6,13,15,1.0,3.0,,,,
1375859,2025-05-29T18:30:00+00:00,61,2024,93,Reims,112,Metz,1,3,AET,4-4-2,4-1-4-1,4-4-2 vs 4-1-4-1,5,2,3,3,4,18,8,43,57,4,6,16,12,3.0,2.0,,,,
