fixture_id,date,league_id,season,home_team_id,home_team_name,away_team_id,away_team_name,goals_home,goals_away,status_short,home_formation,away_formation,formation_matchup,home_injuries_count,away_injuries_count,injuries_diff,home_formation_stability_5,home_recent_formations_count,home_api_possession_5,home_api_yellow_cards_5,home_api_red_cards_5,home_api_shots_on_goal_for_5,home_api_shots_on_goal_against_5,home_api_total_shots_for_5,home_api_total_shots_against_5,home_api_expected_goals_for_5,home_api_expected_goals_against_5,home_api_corners_for_5,home_api_corners_against_5,away_formation_stability_5,away_recent_formations_count,away_api_possession_5,away_api_yellow_cards_5,away_api_red_cards_5,away_api_shots_on_goal_for_5,away_api_shots_on_goal_against_5,away_api_total_shots_for_5,away_api_total_shots_against_5,away_api_expected_goals_for_5,away_api_expected_goals_against_5,away_api_corners_for_5,away_api_corners_against_5,api_shots_on_goal_diff_5,api_total_shots_diff_5,api_expected_goals_diff_5,api_corners_diff_5,api_possession_diff_5,formation_stability_diff_5
1552733,2026-08-21 18:45:00+00:00,61,2026,81,Marseille,95,Strasbourg,4.0,0.0,FT,4-2-3-1,4-2-3-1,4-2-3-1 vs 4-2-3-1,3,4,-1,,0,,,,,,,,,,,,,0,,,,,,,,,,,,,,,,,
1552732,2026-08-22 15:15:00+00:00,61,2026,116,Lens,108,Auxerre,5.0,2.0,FT,3-4-2-1,4-3-3,3-4-2-1 vs 4-3-3,10,18,-8,,0,,,,,,,,,,,,,0,,,,,,,,,,,,,,,,,
1552731,2026-08-22 18:45:00+00:00,61,2026,1298,Le Mans,106,Stade Brestois 29,2.0,2.0,FT,,,,2,4,-2,,0,,,,,,,,,,,,,0,,,,,,,,,,,,,,,,,
1552734,2026-08-22 18:45:00+00:00,61,2026,84,Nice,97,Lorient,0.0,0.0,FT,3-4-2-1,3-4-2-1,3-4-2-1 vs 3-4-2-1,8,2,6,,0,,,,,,,,,,,,,0,,,,,,,,,,,,,,,,,
1552736,2026-08-22 18:45:00+00:00,61,2026,96,Toulouse,80,Lyon,0.0,2.0,FT,4-2-3-1,4-3-3,4-2-3-1 vs 4-3-3,6,10,-4,,0,,,,,,,,,,,,,0,,,,,,,,,,,,,,,,,
1552737,2026-08-22 18:45:00+00:00,61,2026,110,Estac Troyes,114,Paris FC,0.0,0.0,FT,4-3-3,4-2-3-1,4-3-3 vs 4-2-3-1,4,6,-2,,0,,,,,,,,,,,,,0,,,,,,,,,,,,,,,,,
1552729,2026-08-23 13:00:00+00:00,61,2026,77,Angers,79,Lille,0.0,2.0,FT,,,,4,8,-4,,0,,,,,,,,,,,,,0,,,,,,,,,,,,,,,,,
1552730,2026-08-23 15:15:00+00:00,61,2026,111,Le Havre,91,Monaco,0.0,1.0,FT,,,,6,16,-10,,0,,,,,,,,,,,,,0,,,,,,,,,,,,,,,,,
1552735,2026-08-23 18:45:00+00:00,61,2026,94,Rennes,85,Paris Saint Germain,2.0,2.0,FT,,,,4,6,-2,,0,,,,,,,,,,,,,0,,,,,,,,,,,,,,,,,
1552746,2026-08-28 18:45:00+00:00,61,2026,79,Lille,85,Paris Saint Germain,2.0,2.0,FT,,,,6,10,-4,,0,,,,,,,,,,,,,0,,,,,,,,,,,,,,,,,
1552745,2026-08-29 15:15:00+00:00,61,2026,95,Strasbourg,116,Lens,2.0,1.0,FT,,,,12,12,0,1.0,1,33.0,2.0,1.0,2.0,8.0,5.0,14.0,0.18,1.86,4.0,3.0,1.0,1,53.0,1.0,0.0,9.0,4.0,12.0,10.0,4.41,1.84,4.0,7.0,-7.0,-7.0,-4.23,0.0,-20.0,0.0
1552738,2026-08-29 18:45:00+00:00,61,2026,108,Auxerre,77,Angers,1.0,3.0,FT,,,,14,4,10,1.0,1,47.0,1.0,1.0,4.0,9.0,10.0,12.0,1.84,4.41,7.0,4.0,,0,,,,,,,,,,,,,,,,,
1552739,2026-08-29 18:45:00+00:00,61,2026,106,Stade Brestois 29,96,Toulouse,2.0,2.0,FT,,,,4,4,0,,0,,,,,,,,,,,,1.0,1,48.0,1.0,,2.0,3.0,17.0,11.0,2.77,0.7,6.0,5.0,,,,,,
1552740,2026-08-29 18:45:00+00:00,61,2026,97,Lorient,110,Estac Troyes,1.0,2.0,FT,,,,2,6,-4,1.0,1,40.0,0.0,,2.0,1.0,10.0,14.0,1.28,1.05,3.0,9.0,1.0,1,42.0,2.0,,2.0,1.0,9.0,10.0,0.42,1.8,6.0,2.0,0.0,1.0,0.8600000000000001,-3.0,-2.0,0.0
1552741,2026-08-29 18:45:00+00:00,61,2026,80,Lyon,111,Le Havre,1.0,1.0,FT,,,,8,6,2,1.0,1,52.0,2.0,,3.0,2.0,11.0,17.0,0.7,2.77,5.0,6.0,,0,,,,,,,,,,,,,,,,,
1552743,2026-08-30 13:00:00+00:00,61,2026,114,Paris FC,84,Nice,3.0,0.0,FT,,,,8,8,0,1.0,1,58.0,1.0,,1.0,2.0,10.0,9.0,1.8,0.42,2.0,6.0,1.0,1,60.0,1.0,,1.0,2.0,14.0,10.0,1.05,1.28,9.0,3.0,0.0,-4.0,0.75,-7.0,-2.0,0.0
1552744,2026-08-30 15:15:00+00:00,61,2026,94,Rennes,1298,Le Mans,3.0,2.0,FT,,,,2,8,-6,,0,,,,,,,,,,,,,0,,,,,,,,,,,,,,,,,
1552742,2026-08-30 18:45:00+00:00,61,2026,91,Monaco,81,Marseille,2.0,0.0,FT,,,,8,2,6,,0,,,,,,,,,,,,1.0,1,67.0,1.0,0.0,8.0,2.0,14.0,5.0,1.86,0.18,3.0,4.0,,,,,,
1552754,2026-09-03 18:45:00+00:00,61,2026,96,Toulouse,79,Lille,,,NS,,,,6,4,2,1.0,1,48.0,1.0,,2.0,3.0,17.0,11.0,2.77,0.7,6.0,5.0,,0,,,,,,,,,,,,,,,,,
1552750,2026-09-04 17:00:00+00:00,61,2026,80,Lyon,108,Auxerre,,,NS,,,,2,14,-12,1.0,1,52.0,2.0,,3.0,2.0,11.0,17.0,0.7,2.77,5.0,6.0,1.0,1,47.0,1.0,1.0,4.0,9.0,10.0,12.0,1.84,4.41,7.0,4.0,-1.0,1.0,-1.1400000000000001,-2.0,5.0,0.0
1552753,2026-09-04 19:05:00+00:00,61,2026,85,Paris Saint Germain,91,Monaco,,,NS,,,,2,8,-6,,0,,,,,,,,,,,,,0,,,,,,,,,,,,,,,,,
1552749,2026-09-05 15:15:00+00:00,61,2026,116,Lens,97,Lorient,,,NS,,,,10,2,8,1.0,1,53.0,1.0,0.0,9.0,4.0,12.0,10.0,4.41,1.84,4.0,7.0,1.0,1,40.0,0.0,,2.0,1.0,10.0,14.0,1.28,1.05,3.0,9.0,7.0,2.0,3.13,1.0,13.0,0.0
1552748,2026-09-05 18:45:00+00:00,61,2026,111,Le Havre,106,Stade Brestois 29,,,NS,,,,6,4,2,,0,,,,,,,,,,,,,0,,,,,,,,,,,,,,,,,
1552752,2026-09-05 18:45:00+00:00,61,2026,84,Nice,1298,Le Mans,,,NS,,,,10,12,-2,1.0,1,60.0,1.0,,1.0,2.0,14.0,10.0,1.05,1.28,9.0,3.0,,0,,,,,,,,,,,,,,,,,
1552755,2026-09-06 13:00:00+00:00,61,2026,110,Estac Troyes,95,Strasbourg,,,NS,,,,0,0,0,1.0,1,42.0,2.0,,2.0,1.0,9.0,10.0,0.42,1.8,6.0,2.0,1.0,1,33.0,2.0,1.0,2.0,8.0,5.0,14.0,0.18,1.86,4.0,3.0,0.0,4.0,0.24,2.0,9.0,0.0
1552747,2026-09-06 15:15:00+00:00,61,2026,77,Angers,94,Rennes,,,NS,,,,0,0,0,,0,,,,,,,,,,,,,0,,,,,,,,,,,,,,,,,
1552751,2026-09-06 18:45:00+00:00,61,2026,81,Marseille,114,Paris FC,,,NS,,,,0,0,0,1.0,1,67.0,1.0,0.0,8.0,2.0,14.0,5.0,1.86,0.18,3.0,4.0,1.0,1,58.0,1.0,,1.0,2.0,10.0,9.0,1.8,0.42,2.0,6.0,7.0,4.0,0.06000000000000005,1.0,9.0,0.0
1552763,2026-09-11 18:45:00+00:00,61,2026,94,Rennes,81,Marseille,,,NS,,,,0,0,0,,0,,,,,,,,,,,,1.0,1,67.0,1.0,0.0,8.0,2.0,14.0,5.0,1.86,0.18,3.0,4.0,,,,,,
1552764,2026-09-12 15:15:00+00:00,61,2026,95,Strasbourg,91,Monaco,,,NS,,,,0,0,0,1.0,1,33.0,2.0,1.0,2.0,8.0,5.0,14.0,0.18,1.86,4.0,3.0,,0,,,,,,,,,,,,,,,,,
1552756,2026-09-12 18:45:00+00:00,61,2026,108,Auxerre,84,Nice,,,NS,,,,0,0,0,1.0,1,47.0,1.0,1.0,4.0,9.0,10.0,12.0,1.84,4.41,7.0,4.0,1.0,1,60.0,1.0,,1.0,2.0,14.0,10.0,1.05,1.28,9.0,3.0,3.0,-4.0,0.79,-2.0,-13.0,0.0
1552758,2026-09-12 18:45:00+00:00,61,2026,111,Le Havre,77,Angers,,,NS,,,,0,0,0,,0,,,,,,,,,,,,,0,,,,,,,,,,,,,,,,,
1552761,2026-09-12 18:45:00+00:00,61,2026,97,Lorient,96,Toulouse,,,NS,,,,0,0,0,1.0,1,40.0,0.0,,2.0,1.0,10.0,14.0,1.28,1.05,3.0,9.0,1.0,1,48.0,1.0,,2.0,3.0,17.0,11.0,2.77,0.7,6.0,5.0,0.0,-7.0,-1.49,-3.0,-8.0,0.0
1552762,2026-09-12 18:45:00+00:00,61,2026,114,Paris FC,80,Lyon,,,NS,,,,0,0,0,1.0,1,58.0,1.0,,1.0,2.0,10.0,9.0,1.8,0.42,2.0,6.0,1.0,1,52.0,2.0,,3.0,2.0,11.0,17.0,0.7,2.77,5.0,6.0,-2.0,-1.0,1.1,-3.0,6.0,0.0
1552760,2026-09-13 13:00:00+00:00,61,2026,79,Lille,110,Estac Troyes,,,NS,,,,0,0,0,,0,,,,,,,,,,,,1.0,1,42.0,2.0,,2.0,1.0,9.0,10.0,0.42,1.8,6.0,2.0,,,,,,
1552759,2026-09-13 15:15:00+00:00,61,2026,1298,Le Mans,116,Lens,,,NS,,,,0,0,0,,0,,,,,,,,,,,,1.0,1,53.0,1.0,0.0,9.0,4.0,12.0,10.0,4.41,1.84,4.0,7.0,,,,,,
1552757,2026-09-13 18:45:00+00:00,61,2026,106,Stade Brestois 29,85,Paris Saint Germain,,,NS,,,,0,0,0,,0,,,,,,,,,,,,,0,,,,,,,,,,,,,,,,,
1552769,2026-09-18 18:45:00+00:00,61,2026,91,Monaco,116,Lens,,,NS,,,,0,0,0,,0,,,,,,,,,,,,1.0,1,53.0,1.0,0.0,9.0,4.0,12.0,10.0,4.41,1.84,4.0,7.0,,,,,,
1552771,2026-09-19 15:15:00+00:00,61,2026,114,Paris FC,95,Strasbourg,,,NS,,,,0,0,0,1.0,1,58.0,1.0,,1.0,2.0,10.0,9.0,1.8,0.42,2.0,6.0,1.0,1,33.0,2.0,1.0,2.0,8.0,5.0,14.0,0.18,1.86,4.0,3.0,-1.0,5.0,1.62,-2.0,25.0,0.0
1552765,2026-09-19 18:45:00+00:00,61,2026,77,Angers,110,Estac Troyes,,,NS,,,,0,0,0,,0,,,,,,,,,,,,1.0,1,42.0,2.0,,2.0,1.0,9.0,10.0,0.42,1.8,6.0,2.0,,,,,,
1552767,2026-09-19 18:45:00+00:00,61,2026,1298,Le Mans,97,Lorient,,,NS,,,,0,0,0,,0,,,,,,,,,,,,1.0,1,40.0,0.0,,2.0,1.0,10.0,14.0,1.28,1.05,3.0,9.0,,,,,,
1552768,2026-09-19 18:45:00+00:00,61,2026,80,Lyon,94,Rennes,,,NS,,,,0,0,0,1.0,1,52.0,2.0,,3.0,2.0,11.0,17.0,0.7,2.77,5.0,6.0,,0,,,,,,,,,,,,,,,,,
1552772,2026-09-19 18:45:00+00:00,61,2026,96,Toulouse,111,Le Havre,,,NS,,,,0,0,0,1.0,1,48.0,1.0,,2.0,3.0,17.0,11.0,2.77,0.7,6.0,5.0,,0,,,,,,,,,,,,,,,,,
1552766,2026-09-20 13:00:00+00:00,61,2026,108,Auxerre,106,Stade Brestois 29,,,NS,,,,0,0,0,1.0,1,47.0,1.0,1.0,4.0,9.0,10.0,12.0,1.84,4.41,7.0,4.0,,0,,,,,,,,,,,,,,,,,
1552770,2026-09-20 15:15:00+00:00,61,2026,84,Nice,79,Lille,,,NS,,,,0,0,0,1.0,1,60.0,1.0,,1.0,2.0,14.0,10.0,1.05,1.28,9.0,3.0,,0,,,,,,,,,,,,,,,,,
1552773,2026-09-20 18:45:00+00:00,61,2026,81,Marseille,85,Paris Saint Germain,,,NS,,,,0,0,0,1.0,1,67.0,1.0,0.0,8.0,2.0,14.0,5.0,1.86,0.18,3.0,4.0,,0,,,,,,,,,,,,,,,,,
1552775,2026-10-09 18:45:00+00:00,61,2026,116,Lens,80,Lyon,,,NS,,,,0,0,0,1.0,1,53.0,1.0,0.0,9.0,4.0,12.0,10.0,4.41,1.84,4.0,7.0,1.0,1,52.0,2.0,,3.0,2.0,11.0,17.0,0.7,2.77,5.0,6.0,6.0,1.0,3.71,-1.0,1.0,0.0
1552776,2026-10-10 15:15:00+00:00,61,2026,79,Lille,111,Le Havre,,,NS,,,,0,0,0,,0,,,,,,,,,,,,,0,,,,,,,,,,,,,,,,,
1552774,2026-10-10 18:45:00+00:00,61,2026,106,Stade Brestois 29,77,Angers,,,NS,,,,0,0,0,,0,,,,,,,,,,,,,0,,,,,,,,,,,,,,,,,
1552777,2026-10-10 18:45:00+00:00,61,2026,97,Lorient,114,Paris FC,,,NS,,,,0,0,0,1.0,1,40.0,0.0,,2.0,1.0,10.0,14.0,1.28,1.05,3.0,9.0,1.0,1,58.0,1.0,,1.0,2.0,10.0,9.0,1.8,0.42,2.0,6.0,1.0,0.0,-0.52,1.0,-18.0,0.0
1552778,2026-10-10 18:45:00+00:00,61,2026,91,Monaco,96,Toulouse,,,NS,,,,0,0,0,,0,,,,,,,,,,,,1.0,1,48.0,1.0,,2.0,3.0,17.0,11.0,2.77,0.7,6.0,5.0,,,,,,
1552780,2026-10-10 18:45:00+00:00,61,2026,85,Paris Saint Germain,1298,Le Mans,,,NS,,,,0,0,0,,0,,,,,,,,,,,,,0,,,,,,,,,,,,,,,,,
1552779,2026-10-11 13:00:00+00:00,61,2026,84,Nice,95,Strasbourg,,,NS,,,,0,0,0,1.0,1,60.0,1.0,,1.0,2.0,14.0,10.0,1.05,1.28,9.0,3.0,1.0,1,33.0,2.0,1.0,2.0,8.0,5.0,14.0,0.18,1.86,4.0,3.0,-1.0,9.0,0.8700000000000001,5.0,27.0,0.0
1552781,2026-10-11 15:15:00+00:00,61,2026,94,Rennes,108,Auxerre,,,NS,,,,0,0,0,,0,,,,,,,,,,,,1.0,1,47.0,1.0,1.0,4.0,9.0,10.0,12.0,1.84,4.41,7.0,4.0,,,,,,
1552782,2026-10-11 18:45:00+00:00,61,2026,110,Estac Troyes,81,Marseille,,,NS,,,,0,0,0,1.0,1,42.0,2.0,,2.0,1.0,9.0,10.0,0.42,1.8,6.0,2.0,1.0,1,67.0,1.0,0.0,8.0,2.0,14.0,5.0,1.86,0.18,3.0,4.0,-6.0,-5.0,-1.4400000000000002,3.0,-25.0,0.0
1552785,2026-10-16 18:45:00+00:00,61,2026,1298,Le Mans,96,Toulouse,,,NS,,,,0,0,0,,0,,,,,,,,,,,,,0,,,,,,,,,,,,,,,,,
1552790,2026-10-17 15:15:00+00:00,61,2026,95,Strasbourg,85,Paris Saint Germain,,,NS,,,,0,0,0,,0,,,,,,,,,,,,,0,,,,,,,,,,,,,,,,,
1552786,2026-10-17 18:45:00+00:00,61,2026,79,Lille,106,Stade Brestois 29,,,NS,,,,0,0,0,,0,,,,,,,,,,,,,0,,,,,,,,,,,,,,,,,
1552791,2026-10-17 18:45:00+00:00,61,2026,110,Estac Troyes,116,Lens,,,NS,,,,0,0,0,,0,,,,,,,,,,,,,0,,,,,,,,,,,,,,,,,
1552783,2026-10-18 13:00:00+00:00,61,2026,77,Angers,81,Marseille,,,NS,,,,0,0,0,,0,,,,,,,,,,,,,0,,,,,,,,,,,,,,,,,
1552784,2026-10-18 15:15:00+00:00,61,2026,111,Le Havre,108,Auxerre,,,NS,,,,0,0,0,,0,,,,,,,,,,,,,0,,,,,,,,,,,,,,,,,
1552787,2026-10-18 15:15:00+00:00,61,2026,97,Lorient,91,Monaco,,,NS,,,,0,0,0,,0,,,,,,,,,,,,,0,,,,,,,,,,,,,,,,,
1552789,2026-10-18 15:15:00+00:00,61,2026,114,Paris FC,94,Rennes,,,NS,,,,0,0,0,,0,,,,,,,,,,,,,0,,,,,,,,,,,,,,,,,
1552788,2026-10-18 18:45:00+00:00,61,2026,80,Lyon,84,Nice,,,NS,,,,0,0,0,,0,,,,,,,,,,,,,0,,,,,,,,,,,,,,,,,
1552794,2026-10-23 18:45:00+00:00,61,2026,106,Stade Brestois 29,84,Nice,,,NS,,,,0,0,0,,0,,,,,,,,,,,,,0,,,,,,,,,,,,,,,,,
1552799,2026-10-24 15:15:00+00:00,61,2026,96,Toulouse,110,Estac Troyes,,,NS,,,,0,0,0,,0,,,,,,,,,,,,,0,,,,,,,,,,,,,,,,,
1552795,2026-10-24 18:45:00+00:00,61,2026,116,Lens,114,Paris FC,,,NS,,,,0,0,0,,0,,,,,,,,,,,,,0,,,,,,,,,,,,,,,,,
1552797,2026-10-25 14:00:00+00:00,61,2026,91,Monaco,79,Lille,,,NS,,,,0,0,0,,0,,,,,,,,,,,,,0,,,,,,,,,,,,,,,,,
1552792,2026-10-25 16:15:00+00:00,61,2026,77,Angers,97,Lorient,,,NS,,,,0,0,0,,0,,,,,,,,,,,,,0,,,,,,,,,,,,,,,,,
1552793,2026-10-25 16:15:00+00:00,61,2026,108,Auxerre,1298,Le Mans,,,NS,,,,0,0,0,,0,,,,,,,,,,,,,0,,,,,,,,,,,,,,,,,
1552796,2026-10-25 16:15:00+00:00,61,2026,81,Marseille,111,Le Havre,,,NS,,,,0,0,0,,0,,,,,,,,,,,,,0,,,,,,,,,,,,,,,,,
1552798,2026-10-25 16:15:00+00:00,61,2026,94,Rennes,95,Strasbourg,,,NS,,,,0,0,0,,0,,,,,,,,,,,,,0,,,,,,,,,,,,,,,,,
1552800,2026-10-25 19:45:00+00:00,61,2026,85,Paris Saint Germain,80,Lyon,,,NS,,,,0,0,0,,0,,,,,,,,,,,,,0,,,,,,,,,,,,,,,,,
1552801,2026-10-31 16:00:00+00:00,61,2026,111,Le Havre,85,Paris Saint Germain,,,NS,,,,0,0,0,,0,,,,,,,,,,,,,0,,,,,,,,,,,,,,,,,
1552802,2026-10-31 16:00:00+00:00,61,2026,79,Lille,116,Lens,,,NS,,,,0,0,0,,0,,,,,,,,,,,,,0,,,,,,,,,,,,,,,,,
1552803,2026-10-31 16:00:00+00:00,61,2026,97,Lorient,106,Stade Brestois 29,,,NS,,,,0,0,0,,0,,,,,,,,,,,,,0,,,,,,,,,,,,,,,,,
1552804,2026-10-31 16:00:00+00:00,61,2026,80,Lyon,77,Angers,,,NS,,,,0,0,0,,0,,,,,,,,,,,,,0,,,,,,,,,,,,,,,,,
1552805,2026-10-31 16:00:00+00:00,61,2026,81,Marseille,96,Toulouse,,,NS,,,,0,0,0,,0,,,,,,,,,,,,,0,,,,,,,,,,,,,,,,,
1552806,2026-10-31 16:00:00+00:00,61,2026,84,Nice,94,Rennes,,,NS,,,,0,0,0,,0,,,,,,,,,,,,,0,,,,,,,,,,,,,,,,,
1552807,2026-10-31 16:00:00+00:00,61,2026,114,Paris FC,91,Monaco,,,NS,,,,0,0,0,,0,,,,,,,,,,,,,0,,,,,,,,,,,,,,,,,
1552808,2026-10-31 16:00:00+00:00,61,2026,95,Strasbourg,108,Auxerre,,,NS,,,,0,0,0,,0,,,,,,,,,,,,,0,,,,,,,,,,,,,,,,,
1552809,2026-10-31 16:00:00+00:00,61,2026,110,Estac Troyes,1298,Le Mans,,,NS,,,,0,0,0,,0,,,,,,,,,,,,,0,,,,,,,,,,,,,,,,,
1552810,2026-11-07 16:00:00+00:00,61,2026,77,Angers,84,Nice,,,NS,,,,0,0,0,,0,,,,,,,,,,,,,0,,,,,,,,,,,,,,,,,
1552811,2026-11-07 16:00:00+00:00,61,2026,108,Auxerre,114,Paris FC,,,NS,,,,0,0,0,,0,,,,,,,,,,,,,0,,,,,,,,,,,,,,,,,
1552812,2026-11-07 16:00:00+00:00,61,2026,106,Stade Brestois 29,80,Lyon,,,NS,,,,0,0,0,,0,,,,,,,,,,,,,0,,,,,,,,,,,,,,,,,
1552813,2026-11-07 16:00:00+00:00,61,2026,111,Le Havre,97,Lorient,,,NS,,,,0,0,0,,0,,,,,,,,,,,,,0,,,,,,,,,,,,,,,,,
1552814,2026-11-07 16:00:00+00:00,61,2026,1298,Le Mans,91,Monaco,,,NS,,,,0,0,0,,0,,,,,,,,,,,,,0,,,,,,,,,,,,,,,,,
1552815,2026-11-07 16:00:00+00:00,61,2026,85,Paris Saint Germain,110,Estac Troyes,,,NS,,,,0,0,0,,0,,,,,,,,,,,,,0,,,,,,,,,,,,,,,,,
1552816,2026-11-07 16:00:00+00:00,61,2026,94,Rennes,79,Lille,,,NS,,,,0,0,0,,0,,,,,,,,,,,,,0,,,,,,,,,,,,,,,,,
1552817,2026-11-07 16:00:00+00:00,61,2026,96,Toulouse,95,Strasbourg,,,NS,,,,0,0,0,,0,,,,,,,,,,,,,0,,,,,,,,,,,,,,,,,
1552818,2026-11-07 19:45:00+00:00,61,2026,116,Lens,81,Marseille,,,NS,,,,0,0,0,,0,,,,,,,,,,,,,0,,,,,,,,,,,,,,,,,
1552819,2026-11-21 16:00:00+00:00,61,2026,116,Lens,96,Toulouse,,,NS,,,,0,0,0,,0,,,,,,,,,,,,,0,,,,,,,,,,,,,,,,,
1552820,2026-11-21 16:00:00+00:00,61,2026,79,Lille,80,Lyon,,,NS,,,,0,0,0,,0,,,,,,,,,,,,,0,,,,,,,,,,,,,,,,,
1552821,2026-11-21 16:00:00+00:00,61,2026,97,Lorient,94,Rennes,,,NS,,,,0,0,0,,0,,,,,,,,,,,,,0,,,,,,,,,,,,,,,,,
1552822,2026-11-21 16:00:00+00:00,61,2026,81,Marseille,1298,Le Mans,,,NS,,,,0,0,0,,0,,,,,,,,,,,,,0,,,,,,,,,,,,,,,,,
1552823,2026-11-21 16:00:00+00:00,61,2026,91,Monaco,108,Auxerre,,,NS,,,,0,0,0,,0,,,,,,,,,,,,,0,,,,,,,,,,,,,,,,,
1552824,2026-11-21 16:00:00+00:00,61,2026,84,Nice,85,Paris Saint Germain,,,NS,,,,0,0,0,,0,,,,,,,,,,,,,0,,,,,,,,,,,,,,,,,
1552825,2026-11-21 16:00:00+00:00,61,2026,114,Paris FC,77,Angers,,,NS,,,,0,0,0,,0,,,,,,,,,,,,,0,,,,,,,,,,,,,,,,,
1552826,2026-11-21 16:00:00+00:00,61,2026,95,Strasbourg,106,Stade Brestois 29,,,NS,,,,0,0,0,,0,,,,,,,,,,,,,0,,,,,,,,,,,,,,,,,
1552827,2026-11-21 16:00:00+00:00,61,2026,110,Estac Troyes,111,Le Havre,,,NS,,,,0,0,0,,0,,,,,,,,,,,,,0,,,,,,,,,,,,,,,,,
1552828,2026-11-28 16:00:00+00:00,61,2026,77,Angers,116,Lens,,,NS,,,,0,0,0,,0,,,,,,,,,,,,,0,,,,,,,,,,,,,,,,,
1552829,2026-11-28 16:00:00+00:00,61,2026,108,Auxerre,81,Marseille,,,NS,,,,0,0,0,,0,,,,,,,,,,,,,0,,,,,,,,,,,,,,,,,
1552830,2026-11-28 16:00:00+00:00,61,2026,106,Stade Brestois 29,114,Paris FC,,,NS,,,,0,0,0,,0,,,,,,,,,,,,,0,,,,,,,,,,,,,,,,,
1552831,2026-11-28 16:00:00+00:00,61,2026,111,Le Havre,95,Strasbourg,,,NS,,,,0,0,0,,0,,,,,,,,,,,,,0,,,,,,,,,,,,,,,,,
1552832,2026-11-28 16:00:00+00:00,61,2026,1298,Le Mans,79,Lille,,,NS,,,,0,0,0,,0,,,,,,,,,,,,,0,,,,,,,,,,,,,,,,,
1552833,2026-11-28 16:00:00+00:00,61,2026,80,Lyon,91,Monaco,,,NS,,,,0,0,0,,0,,,,,,,,,,,,,0,,,,,,,,,,,,,,,,,
1552834,2026-11-28 16:00:00+00:00,61,2026,84,Nice,110,Estac Troyes,,,NS,,,,0,0,0,,0,,,,,,,,,,,,,0,,,,,,,,,,,,,,,,,
1552835,2026-11-28 16:00:00+00:00,61,2026,85,Paris Saint Germain,97,Lorient,,,NS,,,,0,0,0,,0,,,,,,,,,,,,,0,,,,,,,,,,,,,,,,,
1552836,2026-11-28 16:00:00+00:00,61,2026,96,Toulouse,94,Rennes,,,NS,,,,0,0,0,,0,,,,,,,,,,,,,0,,,,,,,,,,,,,,,,,
1552837,2026-12-05 16:00:00+00:00,61,2026,116,Lens,111,Le Havre,,,NS,,,,0,0,0,,0,,,,,,,,,,,,,0,,,,,,,,,,,,,,,,,
1552838,2026-12-05 16:00:00+00:00,61,2026,79,Lille,108,Auxerre,,,NS,,,,0,0,0,,0,,,,,,,,,,,,,0,,,,,,,,,,,,,,,,,
1552839,2026-12-05 16:00:00+00:00,61,2026,81,Marseille,84,Nice,,,NS,,,,0,0,0,,0,,,,,,,,,,,,,0,,,,,,,,,,,,,,,,,
1552840,2026-12-05 16:00:00+00:00,61,2026,91,Monaco,77,Angers,,,NS,,,,0,0,0,,0,,,,,,,,,,,,,0,,,,,,,,,,,,,,,,,
1552841,2026-12-05 16:00:00+00:00,61,2026,114,Paris FC,1298,Le Mans,,,NS,,,,0,0,0,,0,,,,,,,,,,,,,0,,,,,,,,,,,,,,,,,
1552842,2026-12-05 16:00:00+00:00,61,2026,94,Rennes,106,Stade Brestois 29,,,NS,,,,0,0,0,,0,,,,,,,,,,,,,0,,,,,,,,,,,,,,,,,
1552843,2026-12-05 16:00:00+00:00,61,2026,95,Strasbourg,97,Lorient,,,NS,,,,0,0,0,,0,,,,,,,,,,,,,0,,,,,,,,,,,,,,,,,
1552844,2026-12-05 16:00:00+00:00,61,2026,96,Toulouse,85,Paris Saint Germain,,,NS,,,,0,0,0,,0,,,,,,,,,,,,,0,,,,,,,,,,,,,,,,,
1552845,2026-12-05 16:00:00+00:00,61,2026,110,Estac Troyes,80,Lyon,,,NS,,,,0,0,0,,0,,,,,,,,,,,,,0,,,,,,,,,,,,,,,,,
1552846,2026-12-12 16:00:00+00:00,61,2026,77,Angers,95,Strasbourg,,,NS,,,,0,0,0,,0,,,,,,,,,,,,,0,,,,,,,,,,,,,,,,,
1552847,2026-12-12 16:00:00+00:00,61,2026,108,Auxerre,96,Toulouse,,,NS,,,,0,0,0,,0,,,,,,,,,,,,,0,,,,,,,,,,,,,,,,,
1552848,2026-12-12 16:00:00+00:00,61,2026,106,Stade Brestois 29,110,Estac Troyes,,,NS,,,,0,0,0,,0,,,,,,,,,,,,,0,,,,,,,,,,,,,,,,,
1552849,2026-12-12 16:00:00+00:00,61,2026,111,Le Havre,1298,Le Mans,,,NS,,,,0,0,0,,0,,,,,,,,,,,,,0,,,,,,,,,,,,,,,,,
1552850,2026-12-12 16:00:00+00:00,61,2026,97,Lorient,79,Lille,,,NS,,,,0,0,0,,0,,,,,,,,,,,,,0,,,,,,,,,,,,,,,,,
1552851,2026-12-12 16:00:00+00:00,61,2026,84,Nice,116,Lens,,,NS,,,,0,0,0,,0,,,,,,,,,,,,,0,,,,,,,,,,,,,,,,,
1552852,2026-12-12 16:00:00+00:00,61,2026,85,Paris Saint Germain,114,Paris FC,,,NS,,,,0,0,0,,0,,,,,,,,,,,,,0,,,,,,,,,,,,,,,,,
1552853,2026-12-12 16:00:00+00:00,61,2026,94,Rennes,91,Monaco,,,NS,,,,0,0,0,,0,,,,,,,,,,,,,0,,,,,,,,,,,,,,,,,
1552854,2026-12-13 19:45:00+00:00,61,2026,80,Lyon,81,Marseille,,,NS,,,,0,0,0,,0,,,,,,,,,,,,,0,,,,,,,,,,,,,,,,,
1552855,2027-01-02 16:00:00+00:00,61,2026,106,Stade Brestois 29,81,Marseille,,,NS,,,,0,0,0,,0,,,,,,,,,,,,,0,,,,,,,,,,,,,,,,,
1552856,2027-01-02 16:00:00+00:00,61,2026,1298,Le Mans,80,Lyon,,,NS,,,,0,0,0,,0,,,,,,,,,,,,,0,,,,,,,,,,,,,,,,,
1552857,2027-01-02 16:00:00+00:00,61,2026,79,Lille,95,Strasbourg,,,NS,,,,0,0,0,,0,,,,,,,,,,,,,0,,,,,,,,,,,,,,,,,
1552858,2027-01-02 16:00:00+00:00,61,2026,97,Lorient,108,Auxerre,,,NS,,,,0,0,0,,0,,,,,,,,,,,,,0,,,,,,,,,,,,,,,,,
1552859,2027-01-02 16:00:00+00:00,61,2026,91,Monaco,84,Nice,,,NS,,,,0,0,0,,0,,,,,,,,,,,,,0,,,,,,,,,,,,,,,,,
1552860,2027-01-02 16:00:00+00:00,61,2026,114,Paris FC,111,Le Havre,,,NS,,,,0,0,0,,0,,,,,,,,,,,,,0,,,,,,,,,,,,,,,,,
1552861,2027-01-02 16:00:00+00:00,61,2026,96,Toulouse,77,Angers,,,NS,,,,0,0,0,,0,,,,,,,,,,,,,0,,,,,,,,,,,,,,,,,
1552862,2027-01-02 16:00:00+00:00,61,2026,110,Estac Troyes,94,Rennes,,,NS,,,,0,0,0,,0,,,,,,,,,,,,,0,,,,,,,,,,,,,,,,,
1552863,2027-01-03 19:45:00+00:00,61,2026,116,Lens,85,Paris Saint Germain,,,NS,,,,0,0,0,,0,,,,,,,,,,,,,0,,,,,,,,,,,,,,,,,
1552864,2027-01-16 16:00:00+00:00,61,2026,77,Angers,85,Paris Saint Germain,,,NS,,,,0,0,0,,0,,,,,,,,,,,,,0,,,,,,,,,,,,,,,,,
1552865,2027-01-16 16:00:00+00:00,61,2026,108,Auxerre,110,Estac Troyes,,,NS,,,,0,0,0,,0,,,,,,,,,,,,,0,,,,,,,,,,,,,,,,,
1552866,2027-01-16 16:00:00+00:00,61,2026,80,Lyon,97,Lorient,,,NS,,,,0,0,0,,0,,,,,,,,,,,,,0,,,,,,,,,,,,,,,,,
1552867,2027-01-16 16:00:00+00:00,61,2026,81,Marseille,79,Lille,,,NS,,,,0,0,0,,0,,,,,,,,,,,,,0,,,,,,,,,,,,,,,,,
1552868,2027-01-16 16:00:00+00:00,61,2026,91,Monaco,106,Stade Brestois 29,,,NS,,,,0,0,0,,0,,,,,,,,,,,,,0,,,,,,,,,,,,,,,,,
1552869,2027-01-16 16:00:00+00:00,61,2026,84,Nice,111,Le Havre,,,NS,,,,0,0,0,,0,,,,,,,,,,,,,0,,,,,,,,,,,,,,,,,
1552870,2027-01-16 16:00:00+00:00,61,2026,114,Paris FC,96,Toulouse,,,NS,,,,0,0,0,,0,,,,,,,,,,,,,0,,,,,,,,,,,,,,,,,
1552871,2027-01-16 16:00:00+00:00,61,2026,94,Rennes,116,Lens,,,NS,,,,0,0,0,,0,,,,,,,,,,,,,0,,,,,,,,,,,,,,,,,
1552872,2027-01-16 16:00:00+00:00,61,2026,95,Strasbourg,1298,Le Mans,,,NS,,,,0,0,0,,0,,,,,,,,,,,,,0,,,,,,,,,,,,,,,,,
1552873,2027-01-23 16:00:00+00:00,61,2026,111,Le Havre,94,Rennes,,,NS,,,,0,0,0,,0,,,,,,,,,,,,,0,,,,,,,,,,,,,,,,,
1552874,2027-01-23 16:00:00+00:00,61,2026,1298,Le Mans,77,Angers,,,NS,,,,0,0,0,,0,,,,,,,,,,,,,0,,,,,,,,,,,,,,,,,
1552875,2027-01-23 16:00:00+00:00,61,2026,116,Lens,106,Stade Brestois 29,,,NS,,,,0,0,0,,0,,,,,,,,,,,,,0,,,,,,,,,,,,,,,,,
1552876,2027-01-23 16:00:00+00:00,61,2026,79,Lille,114,Paris FC,,,NS,,,,0,0,0,,0,,,,,,,,,,,,,0,,,,,,,,,,,,,,,,,
1552877,2027-01-23 16:00:00+00:00,61,2026,97,Lorient,81,Marseille,,,NS,,,,0,0,0,,0,,,,,,,,,,,,,0,,,,,,,,,,,,,,,,,
1552878,2027-01-23 16:00:00+00:00,61,2026,85,Paris Saint Germain,108,Auxerre,,,NS,,,,0,0,0,,0,,,,,,,,,,,,,0,,,,,,,,,,,,,,,,,
1552879,2027-01-23 16:00:00+00:00,61,2026,95,Strasbourg,80,Lyon,,,NS,,,,0,0,0,,0,,,,,,,,,,,,,0,,,,,,,,,,,,,,,,,
1552880,2027-01-23 16:00:00+00:00,61,2026,96,Toulouse,84,Nice,,,NS,,,,0,0,0,,0,,,,,,,,,,,,,0,,,,,,,,,,,,,,,,,
1552881,2027-01-23 16:00:00+00:00,61,2026,110,Estac Troyes,91,Monaco,,,NS,,,,0,0,0,,0,,,,,,,,,,,,,0,,,,,,,,,,,,,,,,,
1552882,2027-01-30 16:00:00+00:00,61,2026,77,Angers,111,Le Havre,,,NS,,,,0,0,0,,0,,,,,,,,,,,,,0,,,,,,,,,,,,,,,,,
1552883,2027-01-30 16:00:00+00:00,61,2026,106,Stade Brestois 29,95,Strasbourg,,,NS,,,,0,0,0,,0,,,,,,,,,,,,,0,,,,,,,,,,,,,,,,,
1552884,2027-01-30 16:00:00+00:00,61,2026,1298,Le Mans,84,Nice,,,NS,,,,0,0,0,,0,,,,,,,,,,,,,0,,,,,,,,,,,,,,,,,
1552885,2027-01-30 16:00:00+00:00,61,2026,80,Lyon,79,Lille,,,NS,,,,0,0,0,,0,,,,,,,,,,,,,0,,,,,,,,,,,,,,,,,
1552886,2027-01-30 16:00:00+00:00,61,2026,81,Marseille,110,Estac Troyes,,,NS,,,,0,0,0,,0,,,,,,,,,,,,,0,,,,,,,,,,,,,,,,,
1552887,2027-01-30 16:00:00+00:00,61,2026,91,Monaco,85,Paris Saint Germain,,,NS,,,,0,0,0,,0,,,,,,,,,,,,,0,,,,,,,,,,,,,,,,,
1552888,2027-01-30 16:00:00+00:00,61,2026,114,Paris FC,108,Auxerre,,,NS,,,,0,0,0,,0,,,,,,,,,,,,,0,,,,,,,,,,,,,,,,,
1552889,2027-01-30 16:00:00+00:00,61,2026,94,Rennes,97,Lorient,,,NS,,,,0,0,0,,0,,,,,,,,,,,,,0,,,,,,,,,,,,,,,,,
1552890,2027-01-30 16:00:00+00:00,61,2026,96,Toulouse,116,Lens,,,NS,,,,0,0,0,,0,,,,,,,,,,,,,0,,,,,,,,,,,,,,,,,
1552891,2027-02-06 16:00:00+00:00,61,2026,108,Auxerre,91,Monaco,,,NS,,,,0,0,0,,0,,,,,,,,,,,,,0,,,,,,,,,,,,,,,,,
1552892,2027-02-06 16:00:00+00:00,61,2026,111,Le Havre,96,Toulouse,,,NS,,,,0,0,0,,0,,,,,,,,,,,,,0,,,,,,,,,,,,,,,,,
1552893,2027-02-06 16:00:00+00:00,61,2026,116,Lens,77,Angers,,,NS,,,,0,0,0,,0,,,,,,,,,,,,,0,,,,,,,,,,,,,,,,,
1552894,2027-02-06 16:00:00+00:00,61,2026,97,Lorient,1298,Le Mans,,,NS,,,,0,0,0,,0,,,,,,,,,,,,,0,,,,,,,,,,,,,,,,,
1552895,2027-02-06 16:00:00+00:00,61,2026,84,Nice,106,Stade Brestois 29,,,NS,,,,0,0,0,,0,,,,,,,,,,,,,0,,,,,,,,,,,,,,,,,
1552896,2027-02-06 16:00:00+00:00,61,2026,94,Rennes,80,Lyon,,,NS,,,,0,0,0,,0,,,,,,,,,,,,,0,,,,,,,,,,,,,,,,,
1552897,2027-02-06 16:00:00+00:00,61,2026,95,Strasbourg,114,Paris FC,,,NS,,,,0,0,0,,0,,,,,,,,,,,,,0,,,,,,,,,,,,,,,,,
1552898,2027-02-06 16:00:00+00:00,61,2026,110,Estac Troyes,79,Lille,,,NS,,,,0,0,0,,0,,,,,,,,,,,,,0,,,,,,,,,,,,,,,,,
1552899,2027-02-07 19:45:00+00:00,61,2026,85,Paris Saint Germain,81,Marseille,,,NS,,,,0,0,0,,0,,,,,,,,,,,,,0,,,,,,,,,,,,,,,,,
1552900,2027-02-13 16:00:00+00:00,61,2026,108,Auxerre,95,Strasbourg,,,NS,,,,0,0,0,,0,,,,,,,,,,,,,0,,,,,,,,,,,,,,,,,
1552901,2027-02-13 16:00:00+00:00,61,2026,106,Stade Brestois 29,94,Rennes,,,NS,,,,0,0,0,,0,,,,,,,,,,,,,0,,,,,,,,,,,,,,,,,
1552902,2027-02-13 16:00:00+00:00,61,2026,1298,Le Mans,85,Paris Saint Germain,,,NS,,,,0,0,0,,0,,,,,,,,,,,,,0,,,,,,,,,,,,,,,,,
1552903,2027-02-13 16:00:00+00:00,61,2026,79,Lille,84,Nice,,,NS,,,,0,0,0,,0,,,,,,,,,,,,,0,,,,,,,,,,,,,,,,,
1552904,2027-02-13 16:00:00+00:00,61,2026,97,Lorient,111,Le Havre,,,NS,,,,0,0,0,,0,,,,,,,,,,,,,0,,,,,,,,,,,,,,,,,
1552905,2027-02-13 16:00:00+00:00,61,2026,80,Lyon,116,Lens,,,NS,,,,0,0,0,,0,,,,,,,,,,,,,0,,,,,,,,,,,,,,,,,
1552906,2027-02-13 16:00:00+00:00,61,2026,81,Marseille,77,Angers,,,NS,,,,0,0,0,,0,,,,,,,,,,,,,0,,,,,,,,,,,,,,,,,
1552907,2027-02-13 16:00:00+00:00,61,2026,114,Paris FC,110,Estac Troyes,,,NS,,,,0,0,0,,0,,,,,,,,,,,,,0,,,,,,,,,,,,,,,,,
1552908,2027-02-13 16:00:00+00:00,61,2026,96,Toulouse,91,Monaco,,,NS,,,,0,0,0,,0,,,,,,,,,,,,,0,,,,,,,,,,,,,,,,,
1552909,2027-02-20 16:00:00+00:00,61,2026,77,Angers,114,Paris FC,,,NS,,,,0,0,0,,0,,,,,,,,,,,,,0,,,,,,,,,,,,,,,,,
1552910,2027-02-20 16:00:00+00:00,61,2026,111,Le Havre,80,Lyon,,,NS,,,,0,0,0,,0,,,,,,,,,,,,,0,,,,,,,,,,,,,,,,,
1552911,2027-02-20 16:00:00+00:00,61,2026,116,Lens,110,Estac Troyes,,,NS,,,,0,0,0,,0,,,,,,,,,,,,,0,,,,,,,,,,,,,,,,,
1552912,2027-02-20 16:00:00+00:00,61,2026,79,Lille,97,Lorient,,,NS,,,,0,0,0,,0,,,,,,,,,,,,,0,,,,,,,,,,,,,,,,,
1552913,2027-02-20 16:00:00+00:00,61,2026,91,Monaco,1298,Le Mans,,,NS,,,,0,0,0,,0,,,,,,,,,,,,,0,,,,,,,,,,,,,,,,,
1552914,2027-02-20 16:00:00+00:00,61,2026,84,Nice,108,Auxerre,,,NS,,,,0,0,0,,0,,,,,,,,,,,,,0,,,,,,,,,,,,,,,,,
1552915,2027-02-20 16:00:00+00:00,61,2026,85,Paris Saint Germain,106,Stade Brestois 29,,,NS,,,,0,0,0,,0,,,,,,,,,,,,,0,,,,,,,,,,,,,,,,,
1552916,2027-02-20 16:00:00+00:00,61,2026,94,Rennes,96,Toulouse,,,NS,,,,0,0,0,,0,,,,,,,,,,,,,0,,,,,,,,,,,,,,,,,
1552917,2027-02-20 16:00:00+00:00,61,2026,95,Strasbourg,81,Marseille,,,NS,,,,0,0,0,,0,,,,,,,,,,,,,0,,,,,,,,,,,,,,,,,
1552918,2027-02-27 16:00:00+00:00,61,2026,108,Auxerre,79,Lille,,,NS,,,,0,0,0,,0,,,,,,,,,,,,,0,,,,,,,,,,,,,,,,,
1552919,2027-02-27 16:00:00+00:00,61,2026,106,Stade Brestois 29,91,Monaco,,,NS,,,,0,0,0,,0,,,,,,,,,,,,,0,,,,,,,,,,,,,,,,,
1552920,2027-02-27 16:00:00+00:00,61,2026,1298,Le Mans,114,Paris FC,,,NS,,,,0,0,0,,0,,,,,,,,,,,,,0,,,,,,,,,,,,,,,,,
1552921,2027-02-27 16:00:00+00:00,61,2026,97,Lorient,77,Angers,,,NS,,,,0,0,0,,0,,,,,,,,,,,,,0,,,,,,,,,,,,,,,,,
1552922,2027-02-27 16:00:00+00:00,61,2026,80,Lyon,96,Toulouse,,,NS,,,,0,0,0,,0,,,,,,,,,,,,,0,,,,,,,,,,,,,,,,,
1552923,2027-02-27 16:00:00+00:00,61,2026,81,Marseille,94,Rennes,,,NS,,,,0,0,0,,0,,,,,,,,,,,,,0,,,,,,,,,,,,,,,,,
1552924,2027-02-27 16:00:00+00:00,61,2026,95,Strasbourg,111,Le Havre,,,NS,,,,0,0,0,,0,,,,,,,,,,,,,0,,,,,,,,,,,,,,,,,
1552925,2027-02-27 16:00:00+00:00,61,2026,110,Estac Troyes,84,Nice,,,NS,,,,0,0,0,,0,,,,,,,,,,,,,0,,,,,,,,,,,,,,,,,
1552926,2027-02-28 19:45:00+00:00,61,2026,85,Paris Saint Germain,116,Lens,,,NS,,,,0,0,0,,0,,,,,,,,,,,,,0,,,,,,,,,,,,,,,,,
1552927,2027-03-06 16:00:00+00:00,61,2026,77,Angers,108,Auxerre,,,NS,,,,0,0,0,,0,,,,,,,,,,,,,0,,,,,,,,,,,,,,,,,
1552928,2027-03-06 16:00:00+00:00,61,2026,111,Le Havre,84,Nice,,,NS,,,,0,0,0,,0,,,,,,,,,,,,,0,,,,,,,,,,,,,,,,,
1552929,2027-03-06 16:00:00+00:00,61,2026,116,Lens,95,Strasbourg,,,NS,,,,0,0,0,,0,,,,,,,,,,,,,0,,,,,,,,,,,,,,,,,
1552930,2027-03-06 16:00:00+00:00,61,2026,79,Lille,81,Marseille,,,NS,,,,0,0,0,,0,,,,,,,,,,,,,0,,,,,,,,,,,,,,,,,
1552931,2027-03-06 16:00:00+00:00,61,2026,91,Monaco,80,Lyon,,,NS,,,,0,0,0,,0,,,,,,,,,,,,,0,,,,,,,,,,,,,,,,,
1552932,2027-03-06 16:00:00+00:00,61,2026,114,Paris FC,106,Stade Brestois 29,,,NS,,,,0,0,0,,0,,,,,,,,,,,,,0,,,,,,,,,,,,,,,,,
1552933,2027-03-06 16:00:00+00:00,61,2026,94,Rennes,85,Paris Saint Germain,,,NS,,,,0,0,0,,0,,,,,,,,,,,,,0,,,,,,,,,,,,,,,,,
1552934,2027-03-06 16:00:00+00:00,61,2026,96,Toulouse,1298,Le Mans,,,NS,,,,0,0,0,,0,,,,,,,,,,,,,0,,,,,,,,,,,,,,,,,
1552935,2027-03-06 16:00:00+00:00,61,2026,110,Estac Troyes,97,Lorient,,,NS,,,,0,0,0,,0,,,,,,,,,,,,,0,,,,,,,,,,,,,,,,,
1552936,2027-03-13 16:00:00+00:00,61,2026,108,Auxerre,85,Paris Saint Germain,,,NS,,,,0,0,0,,0,,,,,,,,,,,,,0,,,,,,,,,,,,,,,,,
1552937,2027-03-13 16:00:00+00:00,61,2026,106,Stade Brestois 29,79,Lille,,,NS,,,,0,0,0,,0,,,,,,,,,,,,,0,,,,,,,,,,,,,,,,,
1552938,2027-03-13 16:00:00+00:00,61,2026,111,Le Havre,116,Lens,,,NS,,,,0,0,0,,0,,,,,,,,,,,,,0,,,,,,,,,,,,,,,,,
1552939,2027-03-13 16:00:00+00:00,61,2026,1298,Le Mans,94,Rennes,,,NS,,,,0,0,0,,0,,,,,,,,,,,,,0,,,,,,,,,,,,,,,,,
1552940,2027-03-13 16:00:00+00:00,61,2026,80,Lyon,110,Estac Troyes,,,NS,,,,0,0,0,,0,,,,,,,,,,,,,0,,,,,,,,,,,,,,,,,
1552941,2027-03-13 16:00:00+00:00,61,2026,81,Marseille,91,Monaco,,,NS,,,,0,0,0,,0,,,,,,,,,,,,,0,,,,,,,,,,,,,,,,,
1552942,2027-03-13 16:00:00+00:00,61,2026,84,Nice,96,Toulouse,,,NS,,,,0,0,0,,0,,,,,,,,,,,,,0,,,,,,,,,,,,,,,,,
1552943,2027-03-13 16:00:00+00:00,61,2026,114,Paris FC,97,Lorient,,,NS,,,,0,0,0,,0,,,,,,,,,,,,,0,,,,,,,,,,,,,,,,,
1552944,2027-03-13 16:00:00+00:00,61,2026,95,Strasbourg,77,Angers,,,NS,,,,0,0,0,,0,,,,,,,,,,,,,0,,,,,,,,,,,,,,,,,
1552945,2027-03-20 16:00:00+00:00,61,2026,77,Angers,1298,Le Mans,,,NS,,,,0,0,0,,0,,,,,,,,,,,,,0,,,,,,,,,,,,,,,,,
1552946,2027-03-20 16:00:00+00:00,61,2026,116,Lens,79,Lille,,,NS,,,,0,0,0,,0,,,,,,,,,,,,,0,,,,,,,,,,,,,,,,,
1552947,2027-03-20 16:00:00+00:00,61,2026,97,Lorient,84,Nice,,,NS,,,,0,0,0,,0,,,,,,,,,,,,,0,,,,,,,,,,,,,,,,,
1552948,2027-03-20 16:00:00+00:00,61,2026,91,Monaco,111,Le Havre,,,NS,,,,0,0,0,,0,,,,,,,,,,,,,0,,,,,,,,,,,,,,,,,
1552949,2027-03-20 16:00:00+00:00,61,2026,85,Paris Saint Germain,95,Strasbourg,,,NS,,,,0,0,0,,0,,,,,,,,,,,,,0,,,,,,,,,,,,,,,,,
1552950,2027-03-20 16:00:00+00:00,61,2026,94,Rennes,114,Paris FC,,,NS,,,,0,0,0,,0,,,,,,,,,,,,,0,,,,,,,,,,,,,,,,,
1552951,2027-03-20 16:00:00+00:00,61,2026,96,Toulouse,106,Stade Brestois 29,,,NS,,,,0,0,0,,0,,,,,,,,,,,,,0,,,,,,,,,,,,,,,,,
1552952,2027-03-20 16:00:00+00:00,61,2026,110,Estac Troyes,108,Auxerre,,,NS,,,,0,0,0,,0,,,,,,,,,,,,,0,,,,,,,,,,,,,,,,,
1552953,2027-03-21 19:45:00+00:00,61,2026,81,Marseille,80,Lyon,,,NS,,,,0,0,0,,0,,,,,,,,,,,,,0,,,,,,,,,,,,,,,,,
1552954,2027-04-03 15:00:00+00:00,61,2026,77,Angers,91,Monaco,,,NS,,,,0,0,0,,0,,,,,,,,,,,,,0,,,,,,,,,,,,,,,,,
1552955,2027-04-03 15:00:00+00:00,61,2026,108,Auxerre,116,Lens,,,NS,,,,0,0,0,,0,,,,,,,,,,,,,0,,,,,,,,,,,,,,,,,
1552956,2027-04-03 15:00:00+00:00,61,2026,106,Stade Brestois 29,97,Lorient,,,NS,,,,0,0,0,,0,,,,,,,,,,,,,0,,,,,,,,,,,,,,,,,
1552957,2027-04-03 15:00:00+00:00,61,2026,111,Le Havre,110,Estac Troyes,,,NS,,,,0,0,0,,0,,,,,,,,,,,,,0,,,,,,,,,,,,,,,,,
1552958,2027-04-03 15:00:00+00:00,61,2026,1298,Le Mans,81,Marseille,,,NS,,,,0,0,0,,0,,,,,,,,,,,,,0,,,,,,,,,,,,,,,,,
1552959,2027-04-03 15:00:00+00:00,61,2026,79,Lille,94,Rennes,,,NS,,,,0,0,0,,0,,,,,,,,,,,,,0,,,,,,,,,,,,,,,,,
1552960,2027-04-03 15:00:00+00:00,61,2026,84,Nice,80,Lyon,,,NS,,,,0,0,0,,0,,,,,,,,,,,,,0,,,,,,,,,,,,,,,,,
1552961,2027-04-03 15:00:00+00:00,61,2026,114,Paris FC,85,Paris Saint Germain,,,NS,,,,0,0,0,,0,,,,,,,,,,,,,0,,,,,,,,,,,,,,,,,
1552962,2027-04-03 15:00:00+00:00,61,2026,95,Strasbourg,96,Toulouse,,,NS,,,,0,0,0,,0,,,,,,,,,,,,,0,,,,,,,,,,,,,,,,,
1552963,2027-04-10 15:00:00+00:00,61,2026,1298,Le Mans,108,Auxerre,,,NS,,,,0,0,0,,0,,,,,,,,,,,,,0,,,,,,,,,,,,,,,,,
1552964,2027-04-10 15:00:00+00:00,61,2026,79,Lille,96,Toulouse,,,NS,,,,0,0,0,,0,,,,,,,,,,,,,0,,,,,,,,,,,,,,,,,
1552965,2027-04-10 15:00:00+00:00,61,2026,97,Lorient,116,Lens,,,NS,,,,0,0,0,,0,,,,,,,,,,,,,0,,,,,,,,,,,,,,,,,
1552966,2027-04-10 15:00:00+00:00,61,2026,80,Lyon,95,Strasbourg,,,NS,,,,0,0,0,,0,,,,,,,,,,,,,0,,,,,,,,,,,,,,,,,
1552967,2027-04-10 15:00:00+00:00,61,2026,81,Marseille,106,Stade Brestois 29,,,NS,,,,0,0,0,,0,,,,,,,,,,,,,0,,,,,,,,,,,,,,,,,
1552968,2027-04-10 15:00:00+00:00,61,2026,91,Monaco,94,Rennes,,,NS,,,,0,0,0,,0,,,,,,,,,,,,,0,,,,,,,,,,,,,,,,,
1552969,2027-04-10 15:00:00+00:00,61,2026,84,Nice,114,Paris FC,,,NS,,,,0,0,0,,0,,,,,,,,,,,,,0,,,,,,,,,,,,,,,,,
1552970,2027-04-10 15:00:00+00:00,61,2026,85,Paris Saint Germain,111,Le Havre,,,NS,,,,0,0,0,,0,,,,,,,,,,,,,0,,,,,,,,,,,,,,,,,
1552971,2027-04-10 15:00:00+00:00,61,2026,110,Estac Troyes,77,Angers,,,NS,,,,0,0,0,,0,,,,,,,,,,,,,0,,,,,,,,,,,,,,,,,
1552972,2027-04-17 15:00:00+00:00,61,2026,77,Angers,80,Lyon,,,NS,,,,0,0,0,,0,,,,,,,,,,,,,0,,,,,,,,,,,,,,,,,
1552973,2027-04-17 15:00:00+00:00,61,2026,108,Auxerre,97,Lorient,,,NS,,,,0,0,0,,0,,,,,,,,,,,,,0,,,,,,,,,,,,,,,,,
1552974,2027-04-17 15:00:00+00:00,61,2026,106,Stade Brestois 29,1298,Le Mans,,,NS,,,,0,0,0,,0,,,,,,,,,,,,,0,,,,,,,,,,,,,,,,,
1552975,2027-04-17 15:00:00+00:00,61,2026,111,Le Havre,81,Marseille,,,NS,,,,0,0,0,,0,,,,,,,,,,,,,0,,,,,,,,,,,,,,,,,
1552976,2027-04-17 15:00:00+00:00,61,2026,116,Lens,84,Nice,,,NS,,,,0,0,0,,0,,,,,,,,,,,,,0,,,,,,,,,,,,,,,,,
1552977,2027-04-17 15:00:00+00:00,61,2026,91,Monaco,95,Strasbourg,,,NS,,,,0,0,0,,0,,,,,,,,,,,,,0,,,,,,,,,,,,,,,,,
1552978,2027-04-17 15:00:00+00:00,61,2026,85,Paris Saint Germain,79,Lille,,,NS,,,,0,0,0,,0,,,,,,,,,,,,,0,,,,,,,,,,,,,,,,,
1552979,2027-04-17 15:00:00+00:00,61,2026,94,Rennes,110,Estac Troyes,,,NS,,,,0,0,0,,0,,,,,,,,,,,,,0,,,,,,,,,,,,,,,,,
1552980,2027-04-17 15:00:00+00:00,61,2026,96,Toulouse,114,Paris FC,,,NS,,,,0,0,0,,0,,,,,,,,,,,,,0,,,,,,,,,,,,,,,,,
1552981,2027-04-24 15:00:00+00:00,61,2026,1298,Le Mans,111,Le Havre,,,NS,,,,0,0,0,,0,,,,,,,,,,,,,0,,,,,,,,,,,,,,,,,
1552982,2027-04-24 15:00:00+00:00,61,2026,79,Lille,91,Monaco,,,NS,,,,0,0,0,,0,,,,,,,,,,,,,0,,,,,,,,,,,,,,,,,
1552983,2027-04-24 15:00:00+00:00,61,2026,97,Lorient,85,Paris Saint Germain,,,NS,,,,0,0,0,,0,,,,,,,,,,,,,0,,,,,,,,,,,,,,,,,
1552984,2027-04-24 15:00:00+00:00,61,2026,80,Lyon,106,Stade Brestois 29,,,NS,,,,0,0,0,,0,,,,,,,,,,,,,0,,,,,,,,,,,,,,,,,
1552985,2027-04-24 15:00:00+00:00,61,2026,81,Marseille,108,Auxerre,,,NS,,,,0,0,0,,0,,,,,,,,,,,,,0,,,,,,,,,,,,,,,,,
1552986,2027-04-24 15:00:00+00:00,61,2026,84,Nice,77,Angers,,,NS,,,,0,0,0,,0,,,,,,,,,,,,,0,,,,,,,,,,,,,,,,,
1552987,2027-04-24 15:00:00+00:00,61,2026,114,Paris FC,116,Lens,,,NS,,,,0,0,0,,0,,,,,,,,,,,,,0,,,,,,,,,,,,,,,,,
1552988,2027-04-24 15:00:00+00:00,61,2026,95,Strasbourg,94,Rennes,,,NS,,,,0,0,0,,0,,,,,,,,,,,,,0,,,,,,,,,,,,,,,,,
1552989,2027-04-24 15:00:00+00:00,61,2026,110,Estac Troyes,96,Toulouse,,,NS,,,,0,0,0,,0,,,,,,,,,,,,,0,,,,,,,,,,,,,,,,,
1552990,2027-05-01 15:00:00+00:00,61,2026,108,Auxerre,80,Lyon,,,NS,,,,0,0,0,,0,,,,,,,,,,,,,0,,,,,,,,,,,,,,,,,
1552991,2027-05-01 15:00:00+00:00,61,2026,111,Le Havre,114,Paris FC,,,NS,,,,0,0,0,,0,,,,,,,,,,,,,0,,,,,,,,,,,,,,,,,
1552992,2027-05-01 15:00:00+00:00,61,2026,116,Lens,1298,Le Mans,,,NS,,,,0,0,0,,0,,,,,,,,,,,,,0,,,,,,,,,,,,,,,,,
1552993,2027-05-01 15:00:00+00:00,61,2026,91,Monaco,97,Lorient,,,NS,,,,0,0,0,,0,,,,,,,,,,,,,0,,,,,,,,,,,,,,,,,
1552994,2027-05-01 15:00:00+00:00,61,2026,85,Paris Saint Germain,77,Angers,,,NS,,,,0,0,0,,0,,,,,,,,,,,,,0,,,,,,,,,,,,,,,,,
1552995,2027-05-01 15:00:00+00:00,61,2026,94,Rennes,84,Nice,,,NS,,,,0,0,0,,0,,,,,,,,,,,,,0,,,,,,,,,,,,,,,,,
1552996,2027-05-01 15:00:00+00:00,61,2026,95,Strasbourg,79,Lille,,,NS,,,,0,0,0,,0,,,,,,,,,,,,,0,,,,,,,,,,,,,,,,,
1552997,2027-05-01 15:00:00+00:00,61,2026,96,Toulouse,81,Marseille,,,NS,,,,0,0,0,,0,,,,,,,,,,,,,0,,,,,,,,,,,,,,,,,
1552998,2027-05-01 15:00:00+00:00,61,2026,110,Estac Troyes,106,Stade Brestois 29,,,NS,,,,0,0,0,,0,,,,,,,,,,,,,0,,,,,,,,,,,,,,,,,
1552999,2027-05-08 15:00:00+00:00,61,2026,77,Angers,96,Toulouse,,,NS,,,,0,0,0,,0,,,,,,,,,,,,,0,,,,,,,,,,,,,,,,,
1553000,2027-05-08 15:00:00+00:00,61,2026,106,Stade Brestois 29,108,Auxerre,,,NS,,,,0,0,0,,0,,,,,,,,,,,,,0,,,,,,,,,,,,,,,,,
1553001,2027-05-08 15:00:00+00:00,61,2026,1298,Le Mans,110,Estac Troyes,,,NS,,,,0,0,0,,0,,,,,,,,,,,,,0,,,,,,,,,,,,,,,,,
1553002,2027-05-08 15:00:00+00:00,61,2026,116,Lens,91,Monaco,,,NS,,,,0,0,0,,0,,,,,,,,,,,,,0,,,,,,,,,,,,,,,,,
1553003,2027-05-08 15:00:00+00:00,61,2026,97,Lorient,95,Strasbourg,,,NS,,,,0,0,0,,0,,,,,,,,,,,,,0,,,,,,,,,,,,,,,,,
1553004,2027-05-08 15:00:00+00:00,61,2026,84,Nice,81,Marseille,,,NS,,,,0,0,0,,0,,,,,,,,,,,,,0,,,,,,,,,,,,,,,,,
1553005,2027-05-08 15:00:00+00:00,61,2026,114,Paris FC,79,Lille,,,NS,,,,0,0,0,,0,,,,,,,,,,,,,0,,,,,,,,,,,,,,,,,
1553006,2027-05-08 15:00:00+00:00,61,2026,94,Rennes,111,Le Havre,,,NS,,,,0,0,0,,0,,,,,,,,,,,,,0,,,,,,,,,,,,,,,,,
1553007,2027-05-09 18:45:00+00:00,61,2026,80,Lyon,85,Paris Saint Germain,,,NS,,,,0,0,0,,0,,,,,,,,,,,,,0,,,,,,,,,,,,,,,,,
1553008,2027-05-16 15:00:00+00:00,61,2026,108,Auxerre,94,Rennes,,,NS,,,,0,0,0,,0,,,,,,,,,,,,,0,,,,,,,,,,,,,,,,,
1553009,2027-05-16 15:00:00+00:00,61,2026,106,Stade Brestois 29,111,Le Havre,,,NS,,,,0,0,0,,0,,,,,,,,,,,,,0,,,,,,,,,,,,,,,,,
1553010,2027-05-16 15:00:00+00:00,61,2026,79,Lille,77,Angers,,,NS,,,,0,0,0,,0,,,,,,,,,,,,,0,,,,,,,,,,,,,,,,,
1553011,2027-05-16 15:00:00+00:00,61,2026,80,Lyon,1298,Le Mans,,,NS,,,,0,0,0,,0,,,,,,,,,,,,,0,,,,,,,,,,,,,,,,,
1553012,2027-05-16 15:00:00+00:00,61,2026,81,Marseille,116,Lens,,,NS,,,,0,0,0,,0,,,,,,,,,,,,,0,,,,,,,,,,,,,,,,,
1553013,2027-05-16 15:00:00+00:00,61,2026,91,Monaco,114,Paris FC,,,NS,,,,0,0,0,,0,,,,,,,,,,,,,0,,,,,,,,,,,,,,,,,
1553014,2027-05-16 15:00:00+00:00,61,2026,85,Paris Saint Germain,84,Nice,,,NS,,,,0,0,0,,0,,,,,,,,,,,,,0,,,,,,,,,,,,,,,,,
1553015,2027-05-16 15:00:00+00:00,61,2026,95,Strasbourg,110,Estac Troyes,,,NS,,,,0,0,0,,0,,,,,,,,,,,,,0,,,,,,,,,,,,,,,,,
1553016,2027-05-16 15:00:00+00:00,61,2026,96,Toulouse,97,Lorient,,,NS,,,,0,0,0,,0,,,,,,,,,,,,,0,,,,,,,,,,,,,,,,,
1553017,2027-05-22 15:00:00+00:00,61,2026,77,Angers,106,Stade Brestois 29,,,NS,,,,0,0,0,,0,,,,,,,,,,,,,0,,,,,,,,,,,,,,,,,
1553018,2027-05-22 15:00:00+00:00,61,2026,111,Le Havre,79,Lille,,,NS,,,,0,0,0,,0,,,,,,,,,,,,,0,,,,,,,,,,,,,,,,,
1553019,2027-05-22 15:00:00+00:00,61,2026,1298,Le Mans,95,Strasbourg,,,NS,,,,0,0,0,,0,,,,,,,,,,,,,0,,,,,,,,,,,,,,,,,
1553020,2027-05-22 15:00:00+00:00,61,2026,116,Lens,94,Rennes,,,NS,,,,0,0,0,,0,,,,,,,,,,,,,0,,,,,,,,,,,,,,,,,
1553021,2027-05-22 15:00:00+00:00,61,2026,97,Lorient,80,Lyon,,,NS,,,,0,0,0,,0,,,,,,,,,,,,,0,,,,,,,,,,,,,,,,,
1553022,2027-05-22 15:00:00+00:00,61,2026,84,Nice,91,Monaco,,,NS,,,,0,0,0,,0,,,,,,,,,,,,,0,,,,,,,,,,,,,,,,,
1553023,2027-05-22 15:00:00+00:00,61,2026,114,Paris FC,81,Marseille,,,NS,,,,0,0,0,,0,,,,,,,,,,,,,0,,,,,,,,,,,,,,,,,
1553024,2027-05-22 15:00:00+00:00,61,2026,96,Toulouse,108,Auxerre,,,NS,,,,0,0,0,,0,,,,,,,,,,,,,0,,,,,,,,,,,,,,,,,
1553025,2027-05-22 15:00:00+00:00,61,2026,110,Estac Troyes,85,Paris Saint Germain,,,NS,,,,0,0,0,,0,,,,,,,,,,,,,0,,,,,,,,,,,,,,,,,
1553026,2027-05-29 19:00:00+00:00,61,2026,108,Auxerre,111,Le Havre,,,NS,,,,0,0,0,,0,,,,,,,,,,,,,0,,,,,,,,,,,,,,,,,
1553027,2027-05-29 19:00:00+00:00,61,2026,106,Stade Brestois 29,116,Lens,,,NS,,,,0,0,0,,0,,,,,,,,,,,,,0,,,,,,,,,,,,,,,,,
1553028,2027-05-29 19:00:00+00:00,61,2026,79,Lille,1298,Le Mans,,,NS,,,,0,0,0,,0,,,,,,,,,,,,,0,,,,,,,,,,,,,,,,,
1553029,2027-05-29 19:00:00+00:00,61,2026,80,Lyon,114,Paris FC,,,NS,,,,0,0,0,,0,,,,,,,,,,,,,0,,,,,,,,,,,,,,,,,
1553030,2027-05-29 19:00:00+00:00,61,2026,81,Marseille,97,Lorient,,,NS,,,,0,0,0,,0,,,,,,,,,,,,,0,,,,,,,,,,,,,,,,,
1553031,2027-05-29 19:00:00+00:00,61,2026,91,Monaco,110,Estac Troyes,,,NS,,,,0,0,0,,0,,,,,,,,,,,,,0,,,,,,,,,,,,,,,,,
1553032,2027-05-29 19:00:00+00:00,61,2026,85,Paris Saint Germain,96,Toulouse,,,NS,,,,0,0,0,,0,,,,,,,,,,,,,0,,,,,,,,,,,,,,,,,
1553033,2027-05-29 19:00:00+00:00,61,2026,94,Rennes,77,Angers,,,NS,,,,0,0,0,,0,,,,,,,,,,,,,0,,,,,,,,,,,,,,,,,
1553034,2027-05-29 19:00:00+00:00,61,2026,95,Strasbourg,84,Nice,,,NS,,,,0,0,0,,0,,,,,,,,,,,,,0,,,,,,,,,,,,,,,,,
