prediction_created_at,match_date,league,home_team,away_team,mode,odds_source,odds_home,odds_draw,odds_away,home_win_probability,draw_probability,away_win_probability,home_no_loss_probability,away_no_loss_probability,favorite_team,favorite_probability,match_profile,confidence_score,is_draw_plausible,is_strong_draw_signal,is_very_strong_draw_signal,calibrated_draw_signal,model_version
2026-09-08T10:38:35,2026-09-03,Ligue 1,Toulouse,Lille,no-odds,none,,,,0.299749,0.235677,0.464574,0.535426,0.700251,away,0.464574,moderate_advantage,26.97,False,False,False,,no_odds_elo_v1
2026-09-08T10:39:24,2026-09-04,Ligue 1,Lyon,Auxerre,no-odds,none,,,,0.680161,0.16521,0.154629,0.845371,0.319839,home,0.680161,clear_home_advantage,77.61,False,False,False,,no_odds_elo_v1
2026-09-08T10:40:11,2026-09-04,Ligue 1,Paris SG,Monaco,no-odds,none,,,,0.689792,0.182582,0.127627,0.872373,0.310208,home,0.689792,clear_home_advantage,78.0,False,False,False,,no_odds_elo_v1
2026-09-08T10:40:47,2026-09-05,Ligue 1,Lens,Lorient,no-odds,none,,,,0.633324,0.198573,0.168103,0.831897,0.366676,home,0.633324,clear_home_advantage,66.28,False,False,False,,no_odds_elo_v1
2026-09-08T10:41:15,2026-09-05,Ligue 1,Le Havre,Brest,no-odds,none,,,,0.377878,0.222465,0.399657,0.600343,0.622122,away,0.399657,balanced_match,8.71,False,False,False,,no_odds_elo_v1
2026-09-08T10:41:42,2026-09-05,Ligue 1,Nice,Le Mans,no-odds,none,,,,0.454913,0.209929,0.335158,0.664842,0.545087,home,0.454913,moderate_advantage,22.35,False,False,False,,no_odds_elo_v1
2026-09-08T10:42:14,2026-09-06,Ligue 1,Troyes,Strasbourg,no-odds,none,,,,0.247823,0.214093,0.538084,0.461916,0.752177,away,0.538084,moderate_advantage,44.72,False,False,False,,no_odds_elo_v1
2026-09-08T10:42:48,2026-09-06,Ligue 1,Angers,Rennes,no-odds,none,,,,0.27436,0.224609,0.501031,0.498969,0.72564,away,0.501031,moderate_advantage,35.74,False,False,False,,no_odds_elo_v1
2026-09-08T10:43:15,2026-09-06,Ligue 1,Marseille,Paris FC,no-odds,none,,,,0.553946,0.20027,0.245783,0.754217,0.446054,home,0.553946,clear_home_advantage,47.82,False,False,False,,no_odds_elo_v1
