league,season,team,source_file
Premier League,2026-2027,Arsenal,manual_current_teams.csv (renseigne a la main)
Premier League,2026-2027,Aston Villa,manual_current_teams.csv (renseigne a la main)
Premier League,2026-2027,Bournemouth,manual_current_teams.csv (renseigne a la main)
Premier League,2026-2027,Brentford,manual_current_teams.csv (renseigne a la main)
Premier League,2026-2027,Brighton,manual_current_teams.csv (renseigne a la main)
Premier League,2026-2027,Burnley,manual_current_teams.csv (renseigne a la main)
Premier League,2026-2027,Chelsea,manual_current_teams.csv (renseigne a la main)
Premier League,2026-2027,Coventry,manual_current_teams.csv (renseigne a la main)
Premier League,2026-2027,Crystal Palace,manual_current_teams.csv (renseigne a la main)
Premier League,2026-2027,Everton,manual_current_teams.csv (renseigne a la main)
Premier League,2026-2027,Fulham,manual_current_teams.csv (renseigne a la main)
Premier League,2026-2027,Hull,manual_current_teams.csv (renseigne a la main)
Premier League,2026-2027,Ipswich,manual_current_teams.csv (renseigne a la main)
Premier League,2026-2027,Leeds,manual_current_teams.csv (renseigne a la main)
Premier League,2026-2027,Liverpool,manual_current_teams.csv (renseigne a la main)
Premier League,2026-2027,Man City,manual_current_teams.csv (renseigne a la main)
Premier League,2026-2027,Man United,manual_current_teams.csv (renseigne a la main)
Premier League,2026-2027,Newcastle,manual_current_teams.csv (renseigne a la main)
Premier League,2026-2027,Nott'm Forest,manual_current_teams.csv (renseigne a la main)
Premier League,2026-2027,Sunderland,manual_current_teams.csv (renseigne a la main)
Ligue 1,2026-2027,Angers,manual_current_teams.csv (renseigne a la main)
Ligue 1,2026-2027,Auxerre,manual_current_teams.csv (renseigne a la main)
Ligue 1,2026-2027,Brest,manual_current_teams.csv (renseigne a la main)
Ligue 1,2026-2027,Le Havre,manual_current_teams.csv (renseigne a la main)
Ligue 1,2026-2027,Le Mans,manual_current_teams.csv (renseigne a la main)
Ligue 1,2026-2027,Lens,manual_current_teams.csv (renseigne a la main)
Ligue 1,2026-2027,Lille,manual_current_teams.csv (renseigne a la main)
Ligue 1,2026-2027,Lorient,manual_current_teams.csv (renseigne a la main)
Ligue 1,2026-2027,Lyon,manual_current_teams.csv (renseigne a la main)
Ligue 1,2026-2027,Marseille,manual_current_teams.csv (renseigne a la main)
Ligue 1,2026-2027,Monaco,manual_current_teams.csv (renseigne a la main)
Ligue 1,2026-2027,Nice,manual_current_teams.csv (renseigne a la main)
Ligue 1,2026-2027,Paris FC,manual_current_teams.csv (renseigne a la main)
Ligue 1,2026-2027,Paris SG,manual_current_teams.csv (renseigne a la main)
Ligue 1,2026-2027,Rennes,manual_current_teams.csv (renseigne a la main)
Ligue 1,2026-2027,Strasbourg,manual_current_teams.csv (renseigne a la main)
Ligue 1,2026-2027,Toulouse,manual_current_teams.csv (renseigne a la main)
Ligue 1,2026-2027,Troyes,manual_current_teams.csv (renseigne a la main)
La Liga,2025-2026,Alaves,laliga_2025_2026.csv
La Liga,2025-2026,Ath Bilbao,laliga_2025_2026.csv
La Liga,2025-2026,Ath Madrid,laliga_2025_2026.csv
La Liga,2025-2026,Barcelona,laliga_2025_2026.csv
La Liga,2025-2026,Betis,laliga_2025_2026.csv
La Liga,2025-2026,Celta,laliga_2025_2026.csv
La Liga,2025-2026,Elche,laliga_2025_2026.csv
La Liga,2025-2026,Espanol,laliga_2025_2026.csv
La Liga,2025-2026,Getafe,laliga_2025_2026.csv
La Liga,2025-2026,Girona,laliga_2025_2026.csv
La Liga,2025-2026,Levante,laliga_2025_2026.csv
La Liga,2025-2026,Mallorca,laliga_2025_2026.csv
La Liga,2025-2026,Osasuna,laliga_2025_2026.csv
La Liga,2025-2026,Oviedo,laliga_2025_2026.csv
La Liga,2025-2026,Real Madrid,laliga_2025_2026.csv
La Liga,2025-2026,Sevilla,laliga_2025_2026.csv
La Liga,2025-2026,Sociedad,laliga_2025_2026.csv
La Liga,2025-2026,Valencia,laliga_2025_2026.csv
La Liga,2025-2026,Vallecano,laliga_2025_2026.csv
La Liga,2025-2026,Villarreal,laliga_2025_2026.csv
Serie A,2025-2026,Atalanta,seriea_2025_2026.csv
Serie A,2025-2026,Bologna,seriea_2025_2026.csv
Serie A,2025-2026,Cagliari,seriea_2025_2026.csv
Serie A,2025-2026,Como,seriea_2025_2026.csv
Serie A,2025-2026,Cremonese,seriea_2025_2026.csv
Serie A,2025-2026,Fiorentina,seriea_2025_2026.csv
Serie A,2025-2026,Genoa,seriea_2025_2026.csv
Serie A,2025-2026,Inter,seriea_2025_2026.csv
Serie A,2025-2026,Juventus,seriea_2025_2026.csv
Serie A,2025-2026,Lazio,seriea_2025_2026.csv
Serie A,2025-2026,Lecce,seriea_2025_2026.csv
Serie A,2025-2026,Milan,seriea_2025_2026.csv
Serie A,2025-2026,Napoli,seriea_2025_2026.csv
Serie A,2025-2026,Parma,seriea_2025_2026.csv
Serie A,2025-2026,Pisa,seriea_2025_2026.csv
Serie A,2025-2026,Roma,seriea_2025_2026.csv
Serie A,2025-2026,Sassuolo,seriea_2025_2026.csv
Serie A,2025-2026,Torino,seriea_2025_2026.csv
Serie A,2025-2026,Udinese,seriea_2025_2026.csv
Serie A,2025-2026,Verona,seriea_2025_2026.csv
Bundesliga,2026-2027,Augsburg,manual_current_teams.csv (renseigne a la main)
Bundesliga,2026-2027,Bayern Munich,manual_current_teams.csv (renseigne a la main)
Bundesliga,2026-2027,Dortmund,manual_current_teams.csv (renseigne a la main)
Bundesliga,2026-2027,Ein Frankfurt,manual_current_teams.csv (renseigne a la main)
Bundesliga,2026-2027,Elversberg,manual_current_teams.csv (renseigne a la main)
Bundesliga,2026-2027,FC Koln,manual_current_teams.csv (renseigne a la main)
Bundesliga,2026-2027,Freiburg,manual_current_teams.csv (renseigne a la main)
Bundesliga,2026-2027,Hamburg,manual_current_teams.csv (renseigne a la main)
Bundesliga,2026-2027,Hoffenheim,manual_current_teams.csv (renseigne a la main)
Bundesliga,2026-2027,Leverkusen,manual_current_teams.csv (renseigne a la main)
Bundesliga,2026-2027,M'gladbach,manual_current_teams.csv (renseigne a la main)
Bundesliga,2026-2027,Mainz,manual_current_teams.csv (renseigne a la main)
Bundesliga,2026-2027,Paderborn,manual_current_teams.csv (renseigne a la main)
Bundesliga,2026-2027,RB Leipzig,manual_current_teams.csv (renseigne a la main)
Bundesliga,2026-2027,Schalke 04,manual_current_teams.csv (renseigne a la main)
Bundesliga,2026-2027,Stuttgart,manual_current_teams.csv (renseigne a la main)
Bundesliga,2026-2027,Union Berlin,manual_current_teams.csv (renseigne a la main)
Bundesliga,2026-2027,Werder Bremen,manual_current_teams.csv (renseigne a la main)
